,Churn
0,No
1,No
2,Yes
3,No
4,Yes
5,Yes
6,No
7,No
8,Yes
9,No
10,No
11,No
12,No
13,Yes
14,No
15,No
16,No
17,No
18,Yes
19,No
20,Yes
21,No
22,Yes
23,No
24,No
25,No
26,Yes
27,Yes
28,No
29,Yes
30,No
31,No
32,No
33,No
34,No
35,No
36,Yes
37,No
38,Yes
39,Yes
40,No
41,No
42,No
43,No
44,No
45,No
46,No
47,Yes
48,No
49,No
50,No
51,Yes
52,No
53,Yes
54,No
55,Yes
56,No
57,No
58,No
59,No
60,No
61,No
62,No
63,No
64,Yes
65,No
66,No
67,No
68,No
69,No
70,No
71,No
72,No
73,No
74,No
75,No
76,No
77,No
78,No
79,No
80,Yes
81,No
82,Yes
83,No
84,No
85,No
86,No
87,No
88,No
89,No
90,No
91,No
92,No
93,No
94,No
95,Yes
96,No
97,Yes
98,No
99,Yes
100,No
101,No
102,No
103,No
104,Yes
105,No
106,No
107,No
108,No
109,No
110,Yes
111,No
112,No
113,Yes
114,No
115,No
116,No
117,Yes
118,No
119,No
120,No
121,No
122,Yes
123,No
124,No
125,No
126,Yes
127,No
128,No
129,No
130,No
131,Yes
132,No
133,Yes
134,Yes
135,No
136,No
137,No
138,No
139,Yes
140,No
141,Yes
142,No
143,No
144,No
145,No
146,No
147,Yes
148,No
149,No
150,No
151,Yes
152,No
153,No
154,No
155,No
156,No
157,No
158,No
159,No
160,No
161,Yes
162,No
163,No
164,No
165,No
166,Yes
167,No
168,Yes
169,No
170,No
171,Yes
172,No
173,Yes
174,No
175,No
176,Yes
177,Yes
178,No
179,No
180,Yes
181,No
182,Yes
183,No
184,Yes
185,Yes
186,No
187,No
188,No
189,No
190,No
191,Yes
192,No
193,No
194,No
195,No
196,No
197,No
198,No
199,No
200,No
201,No
202,No
203,No
204,No
205,No
206,No
207,Yes
208,Yes
209,No
210,Yes
211,No
212,No
213,No
214,No
215,No
216,No
217,No
218,No
219,No
220,Yes
221,No
222,No
223,Yes
224,No
225,No
226,No
227,Yes
228,No
229,No
230,No
231,No
232,Yes
233,No
234,No
235,Yes
236,No
237,No
238,Yes
239,No
240,No
241,No
242,No
243,No
244,No
245,No
246,No
247,Yes
248,Yes
249,No
250,No
251,Yes
252,Yes
253,No
254,No
255,No
256,No
257,No
258,Yes
259,No
260,Yes
261,Yes
262,No
263,No
264,No
265,No
266,No
267,No
268,Yes
269,No
270,Yes
271,No
272,Yes
273,No
274,Yes
275,Yes
276,Yes
277,No
278,No
279,No
280,No
281,No
282,No
283,No
284,Yes
285,No
286,No
287,Yes
288,Yes
289,Yes
290,Yes
291,No
292,No
293,No
294,No
295,No
296,No
297,No
298,No
299,Yes
300,No
301,Yes
302,No
303,No
304,No
305,No
306,Yes
307,No
308,No
309,No
310,No
311,No
312,No
313,No
314,Yes
315,No
316,No
317,Yes
318,Yes
319,No
320,Yes
321,No
322,No
323,No
324,No
325,No
326,No
327,Yes
328,No
329,No
330,No
331,No
332,No
333,Yes
334,Yes
335,Yes
336,Yes
337,No
338,No
339,Yes
340,No
341,No
342,No
343,No
344,No
345,No
346,Yes
347,No
348,No
349,No
350,No
351,No
352,No
353,Yes
354,Yes
355,Yes
356,No
357,No
358,Yes
359,No
360,No
361,No
362,No
363,No
364,No
365,Yes
366,No
367,No
368,No
369,No
370,No
371,Yes
372,No
373,No
374,No
375,No
376,No
377,Yes
378,No
379,No
380,No
381,Yes
382,No
383,Yes
384,No
385,Yes
386,Yes
387,No
388,No
389,No
390,No
391,No
392,No
393,No
394,No
395,No
396,No
397,Yes
398,No
399,No
400,No
401,No
402,Yes
403,No
404,No
405,No
406,No
407,No
408,Yes
409,Yes
410,Yes
411,No
412,No
413,No
414,No
415,No
416,No
417,No
418,Yes
419,Yes
420,No
421,No
422,No
423,No
424,No
425,No
426,No
427,No
428,No
429,No
430,Yes
431,No
432,No
433,Yes
434,No
435,No
436,No
437,No
438,No
439,No
440,No
441,No
442,No
443,No
444,No
445,Yes
446,Yes
447,No
448,No
449,No
450,No
451,No
452,No
453,Yes
454,No
455,No
456,No
457,No
458,No
459,No
460,No
461,No
462,Yes
463,Yes
464,No
465,No
466,No
467,No
468,No
469,Yes
470,No
471,Yes
472,No
473,No
474,Yes
475,Yes
476,No
477,No
478,Yes
479,Yes
480,No
481,Yes
482,No
483,No
484,Yes
485,No
486,No
487,No
488,No
489,Yes
490,No
491,No
492,Yes
493,No
494,No
495,Yes
496,No
497,No
498,Yes
499,Yes
500,No
501,No
502,No
503,No
504,No
505,Yes
506,No
507,Yes
508,Yes
509,No
510,No
511,No
512,Yes
513,No
514,No
515,Yes
516,No
517,No
518,Yes
519,No
520,No
521,No
522,No
523,Yes
524,Yes
525,No
526,No
527,No
528,No
529,No
530,No
531,No
532,No
533,No
534,Yes
535,No
536,No
537,No
538,No
539,No
540,No
541,No
542,No
543,Yes
544,Yes
545,No
546,Yes
547,No
548,No
549,No
550,No
551,No
552,No
553,No
554,Yes
555,No
556,No
557,No
558,No
559,No
560,No
561,No
562,No
563,No
564,No
565,No
566,No
567,No
568,Yes
569,No
570,No
571,No
572,No
573,Yes
574,No
575,No
576,No
577,No
578,No
579,No
580,Yes
581,Yes
582,Yes
583,No
584,No
585,Yes
586,No
587,No
588,No
589,No
590,No
591,No
592,No
593,No
594,No
595,Yes
596,No
597,No
598,No
599,No
600,No
601,No
602,No
603,No
604,No
605,No
606,No
607,No
608,No
609,Yes
610,Yes
611,Yes
612,No
613,No
614,No
615,No
616,No
617,No
618,No
619,No
620,No
621,No
622,No
623,No
624,Yes
625,No
626,No
627,No
628,No
629,Yes
630,Yes
631,No
632,No
633,No
634,No
635,Yes
636,No
637,No
638,Yes
639,Yes
640,No
641,Yes
642,Yes
643,No
644,No
645,Yes
646,Yes
647,No
648,Yes
649,No
650,Yes
651,Yes
652,No
653,No
654,Yes
655,No
656,No
657,No
658,Yes
659,No
660,Yes
661,No
662,No
663,No
664,No
665,No
666,Yes
667,No
668,Yes
669,No
670,No
671,No
672,Yes
673,No
674,Yes
675,No
676,No
677,Yes
678,No
679,No
680,Yes
681,No
682,No
683,No
684,No
685,No
686,No
687,Yes
688,No
689,No
690,No
691,No
692,No
693,Yes
694,No
695,No
696,No
697,Yes
698,No
699,No
700,No
701,No
702,No
703,No
704,No
705,Yes
706,No
707,No
708,No
709,No
710,Yes
711,No
712,No
713,No
714,No
715,No
716,No
717,No
718,No
719,No
720,No
721,No
722,Yes
723,Yes
724,Yes
725,No
726,No
727,No
728,Yes
729,No
730,Yes
731,No
732,No
733,No
734,No
735,No
736,No
737,No
738,No
739,No
740,No
741,No
742,Yes
743,No
744,No
745,No
746,No
747,No
748,No
749,No
750,No
751,No
752,No
753,No
754,No
755,Yes
756,No
757,No
758,Yes
759,No
760,No
761,Yes
762,Yes
763,No
764,No
765,No
766,No
767,No
768,No
769,No
770,No
771,Yes
772,Yes
773,Yes
774,Yes
775,No
776,No
777,Yes
778,No
779,Yes
780,No
781,No
782,No
783,Yes
784,No
785,Yes
786,No
787,No
788,No
789,No
790,No
791,No
792,No
793,No
794,No
795,No
796,No
797,No
798,No
799,Yes
800,No
801,Yes
802,No
803,No
804,Yes
805,No
806,No
807,No
808,Yes
809,Yes
810,Yes
811,Yes
812,No
813,No
814,No
815,No
816,Yes
817,No
818,Yes
819,No
820,No
821,No
822,No
823,No
824,No
825,Yes
826,Yes
827,No
828,Yes
829,No
830,Yes
831,No
832,No
833,No
834,Yes
835,No
836,No
837,Yes
838,No
839,No
840,Yes
841,No
842,Yes
843,No
844,Yes
845,No
846,No
847,No
848,No
849,No
850,No
851,No
852,No
853,No
854,No
855,Yes
856,No
857,Yes
858,No
859,No
860,No
861,No
862,Yes
863,Yes
864,Yes
865,Yes
866,No
867,No
868,Yes
869,No
870,No
871,No
872,No
873,Yes
874,No
875,No
876,Yes
877,No
878,No
879,No
880,Yes
881,No
882,Yes
883,No
884,No
885,No
886,No
887,No
888,No
889,Yes
890,No
891,Yes
892,No
893,Yes
894,No
895,No
896,No
897,No
898,Yes
899,No
900,No
901,Yes
902,Yes
903,No
904,No
905,Yes
906,No
907,No
908,No
909,No
910,Yes
911,No
912,No
913,No
914,No
915,Yes
916,No
917,No
918,No
919,No
920,No
921,No
922,No
923,No
924,No
925,No
926,Yes
927,Yes
928,No
929,No
930,No
931,No
932,No
933,Yes
934,No
935,No
936,No
937,Yes
938,No
939,No
940,No
941,No
942,No
943,No
944,No
945,Yes
946,No
947,No
948,Yes
949,No
950,Yes
951,No
952,No
953,No
954,No
955,Yes
956,No
957,No
958,No
959,No
960,No
961,No
962,No
963,No
964,Yes
965,Yes
966,Yes
967,No
968,No
969,Yes
970,Yes
971,No
972,No
973,Yes
974,No
975,Yes
976,Yes
977,No
978,Yes
979,No
980,No
981,No
982,No
983,Yes
984,No
985,Yes
986,No
987,No
988,No
989,No
990,No
991,No
992,No
993,No
994,No
995,Yes
996,Yes
997,Yes
998,No
999,No
1000,Yes
1001,Yes
1002,No
1003,No
1004,No
1005,No
1006,Yes
1007,Yes
1008,Yes
1009,No
1010,No
1011,No
1012,No
1013,No
1014,Yes
1015,Yes
1016,No
1017,No
1018,No
1019,No
1020,No
1021,No
1022,No
1023,No
1024,No
1025,No
1026,Yes
1027,No
1028,Yes
1029,Yes
1030,No
1031,No
1032,Yes
1033,No
1034,No
1035,No
1036,No
1037,No
1038,No
1039,Yes
1040,Yes
1041,No
1042,No
1043,Yes
1044,No
1045,No
1046,No
1047,No
1048,No
1049,Yes
1050,Yes
1051,No
1052,No
1053,Yes
1054,Yes
1055,No
1056,Yes
1057,Yes
1058,Yes
1059,Yes
1060,No
1061,No
1062,No
1063,No
1064,No
1065,Yes
1066,No
1067,No
1068,Yes
1069,No
1070,Yes
1071,Yes
1072,No
1073,Yes
1074,No
1075,No
1076,No
1077,Yes
1078,No
1079,No
1080,No
1081,No
1082,No
1083,Yes
1084,No
1085,Yes
1086,Yes
1087,No
1088,Yes
1089,No
1090,No
1091,No
1092,No
1093,No
1094,No
1095,No
1096,No
1097,Yes
1098,No
1099,No
1100,No
1101,No
1102,Yes
1103,No
1104,No
1105,No
1106,No
1107,No
1108,No
1109,No
1110,No
1111,Yes
1112,No
1113,Yes
1114,No
1115,No
1116,No
1117,No
1118,No
1119,No
1120,No
1121,No
1122,Yes
1123,No
1124,No
1125,Yes
1126,Yes
1127,No
1128,No
1129,No
1130,No
1131,Yes
1132,Yes
1133,No
1134,No
1135,No
1136,No
1137,No
1138,No
1139,No
1140,No
1141,No
1142,No
1143,No
1144,Yes
1145,No
1146,No
1147,No
1148,Yes
1149,Yes
1150,No
1151,No
1152,No
1153,No
1154,No
1155,No
1156,No
1157,No
1158,No
1159,Yes
1160,No
1161,Yes
1162,No
1163,Yes
1164,No
1165,No
1166,No
1167,No
1168,No
1169,No
1170,No
1171,Yes
1172,No
1173,Yes
1174,No
1175,No
1176,Yes
1177,No
1178,Yes
1179,No
1180,No
1181,Yes
1182,No
1183,No
1184,No
1185,Yes
1186,No
1187,No
1188,No
1189,No
1190,No
1191,No
1192,Yes
1193,No
1194,No
1195,No
1196,No
1197,No
1198,No
1199,No
1200,No
1201,No
1202,Yes
1203,No
1204,No
1205,Yes
1206,No
1207,No
1208,Yes
1209,No
1210,Yes
1211,Yes
1212,No
1213,No
1214,Yes
1215,Yes
1216,No
1217,No
1218,Yes
1219,No
1220,No
1221,No
1222,No
1223,Yes
1224,Yes
1225,Yes
1226,No
1227,No
1228,No
1229,No
1230,No
1231,No
1232,Yes
1233,No
1234,No
1235,No
1236,Yes
1237,No
1238,Yes
1239,No
1240,No
1241,No
1242,No
1243,Yes
1244,Yes
1245,No
1246,No
1247,No
1248,Yes
1249,Yes
1250,No
1251,Yes
1252,No
1253,Yes
1254,No
1255,Yes
1256,No
1257,No
1258,No
1259,Yes
1260,No
1261,No
1262,No
1263,Yes
1264,No
1265,No
1266,No
1267,No
1268,Yes
1269,No
1270,No
1271,No
1272,No
1273,No
1274,No
1275,No
1276,No
1277,No
1278,No
1279,No
1280,No
1281,No
1282,No
1283,No
1284,No
1285,Yes
1286,No
1287,No
1288,No
1289,No
1290,No
1291,Yes
1292,No
1293,No
1294,Yes
1295,No
1296,No
1297,No
1298,No
1299,Yes
1300,No
1301,No
1302,No
1303,No
1304,Yes
1305,No
1306,Yes
1307,No
1308,Yes
1309,Yes
1310,Yes
1311,No
1312,No
1313,Yes
1314,Yes
1315,No
1316,No
1317,No
1318,No
1319,Yes
1320,No
1321,No
1322,No
1323,No
1324,Yes
1325,Yes
1326,No
1327,Yes
1328,No
1329,No
1330,No
1331,No
1332,No
1333,No
1334,Yes
1335,Yes
1336,No
1337,No
1338,Yes
1339,Yes
1340,No
1341,Yes
1342,No
1343,No
1344,No
1345,No
1346,Yes
1347,No
1348,Yes
1349,No
1350,No
1351,No
1352,No
1353,No
1354,Yes
1355,No
1356,No
1357,No
1358,No
1359,Yes
1360,Yes
1361,Yes
1362,Yes
1363,No
1364,No
1365,Yes
1366,Yes
1367,No
1368,No
1369,No
1370,No
1371,Yes
1372,No
1373,No
1374,No
1375,No
1376,Yes
1377,No
1378,No
1379,No
1380,No
1381,No
1382,No
1383,Yes
1384,Yes
1385,No
1386,No
1387,No
1388,No
1389,Yes
1390,No
1391,No
1392,No
1393,No
1394,No
1395,Yes
1396,Yes
1397,No
1398,No
1399,No
1400,No
1401,Yes
1402,Yes
1403,No
1404,No
1405,Yes
1406,No
1407,No
1408,No
1409,No
1410,Yes
1411,No
1412,Yes
1413,No
1414,No
1415,No
1416,No
1417,No
1418,No
1419,No
1420,No
1421,Yes
1422,No
1423,Yes
1424,No
1425,No
1426,No
1427,No
1428,Yes
1429,No
1430,No
1431,No
1432,No
1433,No
1434,Yes
1435,No
1436,Yes
1437,No
1438,No
1439,Yes
1440,No
1441,No
1442,No
1443,No
1444,No
1445,No
1446,No
1447,Yes
1448,No
1449,No
1450,No
1451,No
1452,No
1453,No
1454,No
1455,No
1456,Yes
1457,No
1458,Yes
1459,No
1460,Yes
1461,No
1462,No
1463,Yes
1464,No
1465,No
1466,No
1467,No
1468,No
1469,Yes
1470,No
1471,No
1472,Yes
1473,Yes
1474,No
1475,No
1476,No
1477,Yes
1478,Yes
1479,No
1480,No
1481,No
1482,No
1483,No
1484,No
1485,Yes
1486,Yes
1487,No
1488,No
1489,No
1490,No
1491,No
1492,Yes
1493,No
1494,Yes
1495,No
1496,No
1497,No
1498,Yes
1499,No
1500,No
1501,No
1502,No
1503,No
1504,No
1505,Yes
1506,No
1507,No
1508,No
1509,Yes
1510,No
1511,No
1512,No
1513,Yes
1514,No
1515,No
1516,No
1517,No
1518,No
1519,Yes
1520,No
1521,No
1522,Yes
1523,No
1524,No
1525,No
1526,No
1527,No
1528,No
1529,No
1530,Yes
1531,No
1532,No
1533,Yes
1534,No
1535,No
1536,No
1537,No
1538,Yes
1539,No
1540,No
1541,No
1542,No
1543,Yes
1544,No
1545,No
1546,No
1547,Yes
1548,No
1549,Yes
1550,No
1551,No
1552,No
1553,No
1554,No
1555,Yes
1556,Yes
1557,No
1558,Yes
1559,No
1560,No
1561,Yes
1562,No
1563,No
1564,Yes
1565,No
1566,No
1567,No
1568,No
1569,No
1570,No
1571,No
1572,Yes
1573,No
1574,No
1575,Yes
1576,No
1577,Yes
1578,Yes
1579,Yes
1580,No
1581,No
1582,No
1583,No
1584,No
1585,No
1586,No
1587,No
1588,No
1589,No
1590,No
1591,No
1592,Yes
1593,No
1594,No
1595,Yes
1596,No
1597,No
1598,No
1599,No
1600,Yes
1601,No
1602,Yes
1603,Yes
1604,No
1605,No
1606,No
1607,Yes
1608,No
1609,No
1610,No
1611,No
1612,Yes
1613,No
1614,No
1615,No
1616,No
1617,No
1618,Yes
1619,No
1620,No
1621,Yes
1622,No
1623,No
1624,Yes
1625,Yes
1626,No
1627,No
1628,No
1629,No
1630,No
1631,Yes
1632,Yes
1633,No
1634,No
1635,No
1636,No
1637,No
1638,No
1639,Yes
1640,No
1641,No
1642,No
1643,No
1644,Yes
1645,Yes
1646,No
1647,Yes
1648,No
1649,No
1650,Yes
1651,Yes
1652,No
1653,No
1654,No
1655,Yes
1656,No
1657,No
1658,Yes
1659,No
1660,No
1661,No
1662,Yes
1663,Yes
1664,Yes
1665,No
1666,No
1667,No
1668,No
1669,No
1670,Yes
1671,No
1672,No
1673,Yes
1674,No
1675,Yes
1676,No
1677,No
1678,No
1679,No
1680,No
1681,No
1682,No
1683,No
1684,No
1685,No
1686,Yes
1687,No
1688,No
1689,No
1690,No
1691,No
1692,No
1693,No
1694,Yes
1695,No
1696,Yes
1697,No
1698,No
1699,No
1700,No
1701,Yes
1702,Yes
1703,No
1704,Yes
1705,No
1706,No
1707,No
1708,Yes
1709,No
1710,No
1711,No
1712,No
1713,No
1714,No
1715,No
1716,No
1717,No
1718,No
1719,No
1720,No
1721,Yes
1722,No
1723,No
1724,No
1725,No
1726,No
1727,No
1728,No
1729,No
1730,Yes
1731,Yes
1732,No
1733,No
1734,Yes
1735,No
1736,Yes
1737,No
1738,No
1739,Yes
1740,No
1741,No
1742,Yes
1743,No
1744,No
1745,No
1746,No
1747,Yes
1748,No
1749,No
1750,No
1751,Yes
1752,No
1753,No
1754,No
1755,No
1756,No
1757,No
1758,No
1759,No
1760,No
1761,No
1762,No
1763,No
1764,No
1765,No
1766,No
1767,No
1768,No
1769,No
1770,Yes
1771,Yes
1772,Yes
1773,No
1774,No
1775,No
1776,No
1777,No
1778,No
1779,No
1780,Yes
1781,No
1782,No
1783,Yes
1784,Yes
1785,No
1786,Yes
1787,No
1788,No
1789,No
1790,Yes
1791,No
1792,No
1793,No
1794,No
1795,Yes
1796,No
1797,No
1798,No
1799,Yes
1800,No
1801,No
1802,No
1803,No
1804,No
1805,No
1806,No
1807,Yes
1808,Yes
1809,Yes
1810,No
1811,No
1812,No
1813,No
1814,No
1815,No
1816,No
1817,No
1818,No
1819,No
1820,No
1821,Yes
1822,Yes
1823,Yes
1824,No
1825,No
1826,No
1827,No
1828,No
1829,No
1830,No
1831,No
1832,Yes
1833,No
1834,Yes
1835,No
1836,Yes
1837,Yes
1838,No
1839,No
1840,Yes
1841,No
1842,No
1843,No
1844,No
1845,No
1846,No
1847,No
1848,No
1849,Yes
1850,No
1851,Yes
1852,Yes
1853,Yes
1854,Yes
1855,No
1856,Yes
1857,No
1858,Yes
1859,Yes
1860,No
1861,Yes
1862,No
1863,No
1864,No
1865,No
1866,No
1867,Yes
1868,No
1869,No
1870,No
1871,No
1872,No
1873,No
1874,No
1875,No
1876,No
1877,No
1878,No
1879,Yes
1880,Yes
1881,No
1882,No
1883,Yes
1884,No
1885,No
1886,No
1887,Yes
1888,No
1889,No
1890,Yes
1891,Yes
1892,No
1893,No
1894,No
1895,No
1896,No
1897,Yes
1898,Yes
1899,No
1900,No
1901,No
1902,No
1903,No
1904,Yes
1905,No
1906,No
1907,No
1908,No
1909,No
1910,No
1911,No
1912,No
1913,No
1914,No
1915,No
1916,Yes
1917,No
1918,No
1919,Yes
1920,No
1921,No
1922,No
1923,No
1924,No
1925,No
1926,Yes
1927,Yes
1928,Yes
1929,No
1930,No
1931,No
1932,No
1933,No
1934,Yes
1935,No
1936,No
1937,No
1938,No
1939,No
1940,No
1941,No
1942,No
1943,No
1944,Yes
1945,No
1946,No
1947,No
1948,Yes
1949,No
1950,Yes
1951,No
1952,No
1953,Yes
1954,Yes
1955,No
1956,No
1957,No
1958,No
1959,No
1960,No
1961,No
1962,No
1963,No
1964,No
1965,Yes
1966,No
1967,Yes
1968,No
1969,No
1970,Yes
1971,No
1972,No
1973,No
1974,Yes
1975,No
1976,Yes
1977,No
1978,No
1979,No
1980,No
1981,Yes
1982,No
1983,No
1984,Yes
1985,Yes
1986,No
1987,Yes
1988,Yes
1989,No
1990,Yes
1991,No
1992,No
1993,Yes
1994,No
1995,Yes
1996,No
1997,No
1998,Yes
1999,Yes
2000,No
2001,No
2002,No
2003,Yes
2004,Yes
2005,Yes
2006,Yes
2007,Yes
2008,Yes
2009,No
2010,Yes
2011,No
2012,Yes
2013,No
2014,No
2015,No
2016,Yes
2017,No
2018,Yes
2019,Yes
2020,No
2021,No
2022,No
2023,Yes
2024,No
2025,No
2026,No
2027,No
2028,No
2029,Yes
2030,No
2031,No
2032,Yes
2033,Yes
2034,No
2035,No
2036,No
2037,No
2038,Yes
2039,Yes
2040,No
2041,No
2042,No
2043,No
2044,No
2045,No
2046,No
2047,No
2048,Yes
2049,No
2050,No
2051,No
2052,No
2053,Yes
2054,Yes
2055,No
2056,No
2057,Yes
2058,No
2059,No
2060,No
2061,Yes
2062,No
2063,No
2064,No
2065,No
2066,No
2067,No
2068,No
2069,Yes
2070,Yes
2071,No
2072,No
2073,No
2074,Yes
2075,No
2076,No
2077,Yes
2078,No
2079,No
2080,No
2081,No
2082,No
2083,Yes
2084,Yes
2085,Yes
2086,Yes
2087,Yes
2088,No
2089,No
2090,No
2091,No
2092,No
2093,No
2094,No
2095,Yes
2096,Yes
2097,No
2098,No
2099,No
2100,No
2101,Yes
2102,No
2103,No
2104,Yes
2105,Yes
2106,No
2107,No
2108,No
2109,No
2110,No
2111,No
2112,No
2113,No
2114,No
2115,No
2116,Yes
2117,No
2118,No
2119,No
2120,No
2121,No
2122,No
2123,No
2124,Yes
2125,No
2126,No
2127,Yes
2128,No
2129,Yes
2130,Yes
2131,No
2132,No
2133,Yes
2134,No
2135,No
2136,No
2137,No
2138,No
2139,No
2140,Yes
2141,No
2142,No
2143,No
2144,No
2145,No
2146,No
2147,No
2148,No
2149,No
2150,No
2151,No
2152,No
2153,No
2154,No
2155,Yes
2156,Yes
2157,No
2158,No
2159,No
2160,No
2161,Yes
2162,No
2163,Yes
2164,No
2165,No
2166,No
2167,Yes
2168,Yes
2169,No
2170,No
2171,No
2172,No
2173,No
2174,No
2175,Yes
2176,No
2177,No
2178,No
2179,No
2180,No
2181,No
2182,No
2183,No
2184,Yes
2185,Yes
2186,No
2187,No
2188,No
2189,No
2190,No
2191,Yes
2192,No
2193,No
2194,Yes
2195,No
2196,No
2197,No
2198,No
2199,No
2200,No
2201,No
2202,Yes
2203,No
2204,Yes
2205,No
2206,Yes
2207,Yes
2208,Yes
2209,No
2210,No
2211,No
2212,No
2213,No
2214,Yes
2215,No
2216,No
2217,No
2218,No
2219,No
2220,No
2221,No
2222,No
2223,Yes
2224,Yes
2225,No
2226,No
2227,No
2228,No
2229,No
2230,No
2231,Yes
2232,No
2233,No
2234,No
2235,No
2236,No
2237,No
2238,No
2239,No
2240,No
2241,No
2242,No
2243,No
2244,Yes
2245,No
2246,Yes
2247,No
2248,No
2249,No
2250,No
2251,No
2252,No
2253,No
2254,No
2255,No
2256,No
2257,No
2258,No
2259,No
2260,Yes
2261,No
2262,Yes
2263,Yes
2264,No
2265,Yes
2266,No
2267,No
2268,No
2269,Yes
2270,Yes
2271,No
2272,No
2273,No
2274,Yes
2275,Yes
2276,No
2277,Yes
2278,No
2279,No
2280,No
2281,Yes
2282,Yes
2283,Yes
2284,No
2285,Yes
2286,No
2287,Yes
2288,No
2289,No
2290,Yes
2291,Yes
2292,No
2293,No
2294,Yes
2295,Yes
2296,No
2297,Yes
2298,No
2299,No
2300,Yes
2301,No
2302,No
2303,Yes
2304,No
2305,No
2306,No
2307,No
2308,No
2309,No
2310,No
2311,No
2312,No
2313,No
2314,No
2315,No
2316,No
2317,No
2318,No
2319,No
2320,No
2321,No
2322,No
2323,Yes
2324,Yes
2325,No
2326,No
2327,No
2328,No
2329,No
2330,No
2331,No
2332,No
2333,No
2334,No
2335,No
2336,Yes
2337,Yes
2338,No
2339,Yes
2340,No
2341,No
2342,No
2343,No
2344,No
2345,No
2346,No
2347,No
2348,No
2349,No
2350,No
2351,No
2352,No
2353,No
2354,No
2355,No
2356,No
2357,No
2358,No
2359,No
2360,No
2361,Yes
2362,No
2363,No
2364,No
2365,No
2366,Yes
2367,Yes
2368,No
2369,No
2370,No
2371,No
2372,No
2373,No
2374,No
2375,No
2376,No
2377,No
2378,Yes
2379,Yes
2380,No
2381,No
2382,No
2383,No
2384,No
2385,No
2386,No
2387,No
2388,No
2389,No
2390,No
2391,No
2392,No
2393,Yes
2394,No
2395,No
2396,No
2397,Yes
2398,No
2399,No
2400,No
2401,No
2402,No
2403,No
2404,No
2405,Yes
2406,Yes
2407,Yes
2408,No
2409,No
2410,No
2411,No
2412,Yes
2413,No
2414,No
2415,Yes
2416,No
2417,No
2418,No
2419,No
2420,No
2421,No
2422,No
2423,No
2424,Yes
2425,No
2426,No
2427,Yes
2428,Yes
2429,No
2430,No
2431,Yes
2432,No
2433,No
2434,No
2435,No
2436,No
2437,No
2438,Yes
2439,No
2440,No
2441,No
2442,Yes
2443,No
2444,Yes
2445,No
2446,Yes
2447,No
2448,Yes
2449,No
2450,No
2451,Yes
2452,Yes
2453,No
2454,No
2455,Yes
2456,No
2457,No
2458,No
2459,No
2460,No
2461,No
2462,No
2463,No
2464,Yes
2465,Yes
2466,No
2467,No
2468,Yes
2469,No
2470,No
2471,Yes
2472,No
2473,No
2474,No
2475,No
2476,No
2477,No
2478,No
2479,No
2480,Yes
2481,No
2482,No
2483,Yes
2484,No
2485,Yes
2486,No
2487,No
2488,Yes
2489,No
2490,No
2491,No
2492,Yes
2493,No
2494,Yes
2495,No
2496,No
2497,No
2498,No
2499,No
2500,No
2501,No
2502,No
2503,No
2504,Yes
2505,No
2506,No
2507,No
2508,No
2509,No
2510,Yes
2511,No
2512,No
2513,No
2514,Yes
2515,No
2516,Yes
2517,Yes
2518,No
2519,No
2520,No
2521,Yes
2522,No
2523,No
2524,No
2525,No
2526,Yes
2527,Yes
2528,Yes
2529,Yes
2530,No
2531,No
2532,No
2533,No
2534,No
2535,No
2536,Yes
2537,No
2538,No
2539,No
2540,No
2541,No
2542,No
2543,Yes
2544,No
2545,No
2546,No
2547,No
2548,No
2549,No
2550,No
2551,No
2552,No
2553,No
2554,No
2555,No
2556,No
2557,No
2558,No
2559,No
2560,Yes
2561,No
2562,No
2563,Yes
2564,Yes
2565,No
2566,No
2567,Yes
2568,No
2569,No
2570,Yes
2571,No
2572,No
2573,Yes
2574,Yes
2575,No
2576,No
2577,Yes
2578,Yes
2579,No
2580,No
2581,No
2582,No
2583,No
2584,No
2585,No
2586,No
2587,No
2588,No
2589,Yes
2590,No
2591,No
2592,No
2593,No
2594,No
2595,No
2596,No
2597,No
2598,No
2599,No
2600,No
2601,No
2602,No
2603,No
2604,No
2605,No
2606,No
2607,Yes
2608,Yes
2609,Yes
2610,Yes
2611,Yes
2612,No
2613,Yes
2614,Yes
2615,No
2616,Yes
2617,Yes
2618,No
2619,Yes
2620,No
2621,No
2622,No
2623,No
2624,No
2625,No
2626,No
2627,No
2628,No
2629,Yes
2630,No
2631,Yes
2632,No
2633,No
2634,Yes
2635,No
2636,No
2637,No
2638,Yes
2639,Yes
2640,No
2641,No
2642,Yes
2643,Yes
2644,Yes
2645,No
2646,No
2647,No
2648,No
2649,No
2650,No
2651,Yes
2652,No
2653,No
2654,Yes
2655,Yes
2656,No
2657,No
2658,No
2659,No
2660,No
2661,No
2662,Yes
2663,No
2664,No
2665,No
2666,No
2667,No
2668,Yes
2669,Yes
2670,No
2671,No
2672,No
2673,Yes
2674,No
2675,No
2676,No
2677,Yes
2678,No
2679,Yes
2680,No
2681,No
2682,Yes
2683,Yes
2684,No
2685,No
2686,Yes
2687,No
2688,Yes
2689,No
2690,Yes
2691,No
2692,No
2693,No
2694,No
2695,No
2696,No
2697,No
2698,No
2699,No
2700,No
2701,No
2702,No
2703,Yes
2704,No
2705,No
2706,Yes
2707,Yes
2708,Yes
2709,No
2710,No
2711,Yes
2712,No
2713,No
2714,No
2715,No
2716,No
2717,No
2718,No
2719,No
2720,Yes
2721,Yes
2722,No
2723,No
2724,No
2725,No
2726,No
2727,Yes
2728,No
2729,Yes
2730,No
2731,No
2732,No
2733,No
2734,No
2735,No
2736,No
2737,No
2738,No
2739,No
2740,Yes
2741,Yes
2742,No
2743,No
2744,No
2745,Yes
2746,No
2747,No
2748,Yes
2749,No
2750,No
2751,No
2752,Yes
2753,Yes
2754,No
2755,No
2756,Yes
2757,No
2758,No
2759,No
2760,No
2761,Yes
2762,No
2763,No
2764,No
2765,No
2766,No
2767,No
2768,No
2769,Yes
2770,Yes
2771,No
2772,No
2773,No
2774,No
2775,Yes
2776,Yes
2777,No
2778,No
2779,Yes
2780,Yes
2781,No
2782,No
2783,No
2784,Yes
2785,No
2786,No
2787,No
2788,No
2789,No
2790,Yes
2791,No
2792,No
2793,No
2794,No
2795,Yes
2796,No
2797,Yes
2798,Yes
2799,No
2800,No
2801,No
2802,Yes
2803,No
2804,Yes
2805,No
2806,No
2807,No
2808,No
2809,No
2810,No
2811,No
2812,Yes
2813,No
2814,No
2815,Yes
2816,No
2817,No
2818,Yes
2819,No
2820,No
2821,Yes
2822,Yes
2823,No
2824,No
2825,No
2826,No
2827,No
2828,No
2829,Yes
2830,No
2831,Yes
2832,No
2833,No
2834,No
2835,No
2836,No
2837,Yes
2838,No
2839,No
2840,No
2841,No
2842,No
2843,No
2844,Yes
2845,No
2846,No
2847,No
2848,No
2849,No
2850,No
2851,No
2852,No
2853,No
2854,No
2855,No
2856,No
2857,No
2858,No
2859,No
2860,No
2861,Yes
2862,Yes
2863,No
2864,No
2865,No
2866,No
2867,No
2868,No
2869,Yes
2870,No
2871,Yes
2872,No
2873,Yes
2874,No
2875,Yes
2876,No
2877,Yes
2878,No
2879,Yes
2880,No
2881,No
2882,No
2883,No
2884,No
2885,No
2886,No
2887,Yes
2888,Yes
2889,No
2890,Yes
2891,Yes
2892,No
2893,Yes
2894,Yes
2895,No
2896,No
2897,No
2898,No
2899,No
2900,Yes
2901,No
2902,No
2903,No
2904,Yes
2905,No
2906,No
2907,Yes
2908,Yes
2909,No
2910,No
2911,Yes
2912,No
2913,No
2914,No
2915,No
2916,No
2917,No
2918,No
2919,No
2920,No
2921,Yes
2922,Yes
2923,No
2924,Yes
2925,No
2926,No
2927,No
2928,No
2929,No
2930,No
2931,No
2932,No
2933,No
2934,No
2935,No
2936,No
2937,No
2938,No
2939,Yes
2940,Yes
2941,No
2942,No
2943,No
2944,No
2945,No
2946,No
2947,No
2948,Yes
2949,No
2950,No
2951,No
2952,No
2953,Yes
2954,Yes
2955,Yes
2956,No
2957,No
2958,No
2959,No
2960,Yes
2961,No
2962,Yes
2963,No
2964,No
2965,Yes
2966,No
2967,No
2968,No
2969,No
2970,Yes
2971,No
2972,No
2973,Yes
2974,Yes
2975,No
2976,No
2977,No
2978,No
2979,No
2980,No
2981,No
2982,No
2983,No
2984,No
2985,No
2986,No
2987,No
2988,No
2989,No
2990,Yes
2991,No
2992,No
2993,No
2994,No
2995,No
2996,No
2997,Yes
2998,No
2999,No
3000,Yes
3001,No
3002,No
3003,Yes
3004,Yes
3005,No
3006,Yes
3007,Yes
3008,No
3009,No
3010,No
3011,No
3012,No
3013,No
3014,No
3015,No
3016,Yes
3017,No
3018,No
3019,Yes
3020,No
3021,No
3022,No
3023,No
3024,No
3025,No
3026,Yes
3027,No
3028,Yes
3029,Yes
3030,Yes
3031,Yes
3032,No
3033,No
3034,Yes
3035,No
3036,No
3037,No
3038,No
3039,No
3040,Yes
3041,No
3042,Yes
3043,Yes
3044,Yes
3045,No
3046,No
3047,Yes
3048,No
3049,Yes
3050,Yes
3051,No
3052,No
3053,No
3054,No
3055,Yes
3056,No
3057,No
3058,Yes
3059,No
3060,No
3061,Yes
3062,No
3063,No
3064,No
3065,No
3066,No
3067,Yes
3068,No
3069,No
3070,No
3071,No
3072,No
3073,No
3074,No
3075,No
3076,Yes
3077,No
3078,Yes
3079,Yes
3080,No
3081,Yes
3082,No
3083,No
3084,No
3085,Yes
3086,No
3087,Yes
3088,No
3089,No
3090,Yes
3091,No
3092,Yes
3093,No
3094,No
3095,No
3096,No
3097,No
3098,Yes
3099,No
3100,No
3101,No
3102,Yes
3103,Yes
3104,No
3105,No
3106,No
3107,No
3108,No
3109,No
3110,No
3111,Yes
3112,No
3113,No
3114,No
3115,Yes
3116,No
3117,No
3118,No
3119,Yes
3120,No
3121,Yes
3122,No
3123,No
3124,No
3125,No
3126,No
3127,Yes
3128,No
3129,No
3130,No
3131,No
3132,No
3133,No
3134,No
3135,Yes
3136,Yes
3137,No
3138,Yes
3139,Yes
3140,No
3141,Yes
3142,Yes
3143,No
3144,No
3145,Yes
3146,Yes
3147,No
3148,No
3149,No
3150,No
3151,No
3152,No
3153,No
3154,No
3155,No
3156,No
3157,Yes
3158,Yes
3159,No
3160,No
3161,No
3162,No
3163,No
3164,No
3165,No
3166,No
3167,No
3168,No
3169,No
3170,No
3171,No
3172,Yes
3173,No
3174,No
3175,Yes
3176,No
3177,No
3178,Yes
3179,No
3180,No
3181,No
3182,No
3183,Yes
3184,No
3185,Yes
3186,No
3187,No
3188,Yes
3189,No
3190,No
3191,No
3192,No
3193,No
3194,Yes
3195,No
3196,No
3197,Yes
3198,No
3199,No
3200,Yes
3201,No
3202,No
3203,No
3204,No
3205,No
3206,No
3207,No
3208,No
3209,Yes
3210,No
3211,No
3212,No
3213,No
3214,No
3215,No
3216,Yes
3217,No
3218,No
3219,No
3220,No
3221,No
3222,No
3223,No
3224,Yes
3225,No
3226,No
3227,No
3228,No
3229,Yes
3230,No
3231,No
3232,No
3233,No
3234,No
3235,No
3236,No
3237,No
3238,No
3239,No
3240,Yes
3241,Yes
3242,No
3243,No
3244,No
3245,Yes
3246,Yes
3247,No
3248,Yes
3249,No
3250,No
3251,Yes
3252,No
3253,No
3254,No
3255,No
3256,No
3257,No
3258,No
3259,No
3260,Yes
3261,No
3262,Yes
3263,No
3264,No
3265,Yes
3266,No
3267,No
3268,No
3269,No
3270,No
3271,Yes
3272,Yes
3273,Yes
3274,No
3275,No
3276,Yes
3277,No
3278,No
3279,No
3280,No
3281,No
3282,No
3283,No
3284,No
3285,No
3286,Yes
3287,Yes
3288,No
3289,No
3290,No
3291,No
3292,No
3293,No
3294,Yes
3295,No
3296,No
3297,No
3298,No
3299,No
3300,No
3301,Yes
3302,Yes
3303,Yes
3304,No
3305,No
3306,No
3307,No
3308,No
3309,No
3310,Yes
3311,No
3312,No
3313,No
3314,No
3315,No
3316,No
3317,No
3318,Yes
3319,Yes
3320,No
3321,No
3322,Yes
3323,No
3324,No
3325,Yes
3326,Yes
3327,No
3328,No
3329,No
3330,Yes
3331,No
3332,Yes
3333,No
3334,Yes
3335,No
3336,No
3337,No
3338,Yes
3339,No
3340,Yes
3341,No
3342,No
3343,No
3344,Yes
3345,No
3346,No
3347,No
3348,No
3349,Yes
3350,Yes
3351,Yes
3352,Yes
3353,No
3354,No
3355,No
3356,Yes
3357,Yes
3358,No
3359,No
3360,Yes
3361,No
3362,Yes
3363,No
3364,Yes
3365,No
3366,No
3367,No
3368,No
3369,No
3370,No
3371,Yes
3372,No
3373,Yes
3374,Yes
3375,No
3376,No
3377,No
3378,No
3379,No
3380,Yes
3381,No
3382,No
3383,Yes
3384,Yes
3385,Yes
3386,No
3387,No
3388,No
3389,No
3390,No
3391,No
3392,No
3393,No
3394,No
3395,No
3396,No
3397,No
3398,No
3399,No
3400,No
3401,No
3402,Yes
3403,No
3404,No
3405,No
3406,No
3407,No
3408,Yes
3409,No
3410,Yes
3411,Yes
3412,No
3413,No
3414,No
3415,Yes
3416,No
3417,No
3418,No
3419,No
3420,No
3421,No
3422,No
3423,Yes
3424,Yes
3425,No
3426,Yes
3427,No
3428,Yes
3429,No
3430,No
3431,Yes
3432,No
3433,No
3434,No
3435,No
3436,No
3437,No
3438,Yes
3439,Yes
3440,No
3441,No
3442,No
3443,No
3444,No
3445,No
3446,No
3447,No
3448,Yes
3449,No
3450,No
3451,No
3452,No
3453,No
3454,No
3455,Yes
3456,No
3457,No
3458,Yes
3459,No
3460,No
3461,No
3462,Yes
3463,No
3464,No
3465,No
3466,No
3467,Yes
3468,No
3469,No
3470,No
3471,No
3472,No
3473,Yes
3474,No
3475,No
3476,No
3477,No
3478,No
3479,Yes
3480,No
3481,No
3482,No
3483,No
3484,No
3485,Yes
3486,No
3487,No
3488,No
3489,No
3490,Yes
3491,No
3492,No
3493,No
3494,Yes
3495,Yes
3496,No
3497,No
3498,Yes
3499,Yes
3500,No
3501,No
3502,No
3503,No
3504,No
3505,No
3506,No
3507,No
3508,No
3509,No
3510,No
3511,No
3512,No
3513,No
3514,No
3515,No
3516,Yes
3517,Yes
3518,No
3519,No
3520,No
3521,No
3522,No
3523,No
3524,Yes
3525,Yes
3526,Yes
3527,Yes
3528,Yes
3529,No
3530,No
3531,No
3532,Yes
3533,No
3534,Yes
3535,No
3536,No
3537,No
3538,No
3539,Yes
3540,No
3541,No
3542,No
3543,No
3544,Yes
3545,No
3546,No
3547,No
3548,No
3549,No
3550,Yes
3551,Yes
3552,No
3553,No
3554,No
3555,Yes
3556,No
3557,No
3558,No
3559,No
3560,No
3561,Yes
3562,Yes
3563,No
3564,No
3565,Yes
3566,No
3567,Yes
3568,No
3569,No
3570,No
3571,No
3572,No
3573,No
3574,No
3575,No
3576,No
3577,Yes
3578,No
3579,No
3580,Yes
3581,No
3582,No
3583,No
3584,No
3585,No
3586,Yes
3587,Yes
3588,No
3589,No
3590,No
3591,Yes
3592,Yes
3593,Yes
3594,No
3595,Yes
3596,Yes
3597,No
3598,No
3599,No
3600,Yes
3601,No
3602,No
3603,Yes
3604,No
3605,No
3606,No
3607,No
3608,Yes
3609,No
3610,Yes
3611,No
3612,No
3613,No
3614,No
3615,Yes
3616,No
3617,Yes
3618,No
3619,No
3620,No
3621,Yes
3622,No
3623,No
3624,No
3625,No
3626,No
3627,No
3628,No
3629,No
3630,Yes
3631,Yes
3632,No
3633,No
3634,No
3635,No
3636,No
3637,Yes
3638,Yes
3639,No
3640,Yes
3641,No
3642,No
3643,No
3644,No
3645,No
3646,No
3647,No
3648,No
3649,No
3650,No
3651,No
3652,Yes
3653,No
3654,No
3655,No
3656,No
3657,No
3658,No
3659,No
3660,No
3661,No
3662,Yes
3663,No
3664,No
3665,No
3666,Yes
3667,No
3668,No
3669,No
3670,No
3671,Yes
3672,Yes
3673,Yes
3674,Yes
3675,No
3676,No
3677,No
3678,No
3679,Yes
3680,Yes
3681,Yes
3682,Yes
3683,No
3684,No
3685,No
3686,Yes
3687,Yes
3688,No
3689,Yes
3690,Yes
3691,No
3692,No
3693,No
3694,Yes
3695,No
3696,Yes
3697,No
3698,No
3699,No
3700,Yes
3701,No
3702,Yes
3703,No
3704,No
3705,No
3706,No
3707,No
3708,No
3709,No
3710,No
3711,No
3712,No
3713,Yes
3714,No
3715,No
3716,Yes
3717,No
3718,No
3719,No
3720,No
3721,Yes
3722,No
3723,No
3724,No
3725,Yes
3726,Yes
3727,Yes
3728,No
3729,No
3730,Yes
3731,No
3732,No
3733,No
3734,No
3735,No
3736,No
3737,Yes
3738,No
3739,No
3740,No
3741,No
3742,No
3743,Yes
3744,No
3745,Yes
3746,Yes
3747,No
3748,No
3749,Yes
3750,No
3751,No
3752,No
3753,No
3754,No
3755,Yes
3756,Yes
3757,No
3758,No
3759,Yes
3760,No
3761,No
3762,No
3763,Yes
3764,No
3765,No
3766,Yes
3767,No
3768,No
3769,No
3770,No
3771,Yes
3772,Yes
3773,Yes
3774,No
3775,Yes
3776,No
3777,No
3778,No
3779,Yes
3780,No
3781,No
3782,No
3783,No
3784,Yes
3785,Yes
3786,No
3787,No
3788,Yes
3789,No
3790,Yes
3791,No
3792,Yes
3793,No
3794,No
3795,No
3796,Yes
3797,No
3798,No
3799,Yes
3800,No
3801,Yes
3802,No
3803,Yes
3804,No
3805,Yes
3806,No
3807,Yes
3808,No
3809,No
3810,No
3811,No
3812,No
3813,No
3814,No
3815,Yes
3816,No
3817,No
3818,No
3819,No
3820,No
3821,Yes
3822,No
3823,No
3824,No
3825,No
3826,No
3827,No
3828,No
3829,Yes
3830,Yes
3831,Yes
3832,No
3833,No
3834,Yes
3835,No
3836,No
3837,Yes
3838,No
3839,No
3840,No
3841,Yes
3842,No
3843,Yes
3844,Yes
3845,Yes
3846,No
3847,No
3848,No
3849,Yes
3850,No
3851,No
3852,No
3853,No
3854,No
3855,No
3856,No
3857,No
3858,No
3859,No
3860,No
3861,No
3862,No
3863,No
3864,Yes
3865,No
3866,No
3867,No
3868,Yes
3869,No
3870,No
3871,Yes
3872,No
3873,No
3874,No
3875,Yes
3876,No
3877,Yes
3878,No
3879,Yes
3880,No
3881,No
3882,No
3883,No
3884,No
3885,No
3886,No
3887,Yes
3888,Yes
3889,No
3890,Yes
3891,No
3892,No
3893,No
3894,No
3895,No
3896,No
3897,No
3898,No
3899,No
3900,No
3901,No
3902,No
3903,No
3904,No
3905,Yes
3906,Yes
3907,No
3908,No
3909,No
3910,Yes
3911,Yes
3912,No
3913,No
3914,No
3915,No
3916,No
3917,Yes
3918,Yes
3919,Yes
3920,No
3921,No
3922,No
3923,Yes
3924,Yes
3925,No
3926,No
3927,Yes
3928,No
3929,No
3930,No
3931,No
3932,Yes
3933,No
3934,No
3935,No
3936,No
3937,No
3938,No
3939,Yes
3940,No
3941,No
3942,Yes
3943,No
3944,No
3945,Yes
3946,Yes
3947,No
3948,No
3949,No
3950,Yes
3951,No
3952,No
3953,Yes
3954,No
3955,No
3956,Yes
3957,No
3958,Yes
3959,No
3960,No
3961,No
3962,Yes
3963,No
3964,No
3965,No
3966,No
3967,No
3968,No
3969,No
3970,No
3971,Yes
3972,No
3973,No
3974,No
3975,Yes
3976,Yes
3977,No
3978,No
3979,No
3980,Yes
3981,No
3982,No
3983,Yes
3984,No
3985,No
3986,No
3987,Yes
3988,No
3989,No
3990,No
3991,Yes
3992,No
3993,No
3994,Yes
3995,Yes
3996,No
3997,No
3998,No
3999,Yes
4000,No
4001,No
4002,No
4003,No
4004,No
4005,Yes
4006,No
4007,No
4008,No
4009,No
4010,No
4011,No
4012,Yes
4013,No
4014,No
4015,No
4016,No
4017,No
4018,No
4019,Yes
4020,No
4021,Yes
4022,No
4023,No
4024,No
4025,Yes
4026,No
4027,Yes
4028,No
4029,No
4030,No
4031,No
4032,No
4033,No
4034,No
4035,No
4036,No
4037,No
4038,No
4039,No
4040,No
4041,No
4042,No
4043,No
4044,No
4045,Yes
4046,No
4047,No
4048,No
4049,No
4050,No
4051,No
4052,Yes
4053,No
4054,No
4055,No
4056,Yes
4057,No
4058,Yes
4059,Yes
4060,No
4061,No
4062,Yes
4063,Yes
4064,No
4065,Yes
4066,No
4067,No
4068,No
4069,No
4070,No
4071,No
4072,No
4073,Yes
4074,Yes
4075,No
4076,No
4077,No
4078,Yes
4079,No
4080,No
4081,Yes
4082,Yes
4083,Yes
4084,Yes
4085,No
4086,No
4087,No
4088,Yes
4089,Yes
4090,No
4091,No
4092,No
4093,No
4094,No
4095,No
4096,No
4097,No
4098,Yes
4099,No
4100,No
4101,No
4102,No
4103,No
4104,No
4105,No
4106,Yes
4107,No
4108,No
4109,Yes
4110,No
4111,No
4112,No
4113,No
4114,No
4115,No
4116,No
4117,No
4118,No
4119,No
4120,No
4121,Yes
4122,No
4123,No
4124,No
4125,No
4126,No
4127,No
4128,Yes
4129,No
4130,No
4131,Yes
4132,Yes
4133,No
4134,No
4135,No
4136,No
4137,No
4138,Yes
4139,No
4140,Yes
4141,No
4142,No
4143,Yes
4144,No
4145,No
4146,Yes
4147,No
4148,No
4149,Yes
4150,No
4151,No
4152,No
4153,No
4154,Yes
4155,No
4156,No
4157,No
4158,No
4159,No
4160,No
4161,No
4162,No
4163,No
4164,No
4165,No
4166,No
4167,No
4168,No
4169,Yes
4170,No
4171,Yes
4172,No
4173,No
4174,Yes
4175,No
4176,No
4177,No
4178,No
4179,No
4180,Yes
4181,No
4182,Yes
4183,No
4184,Yes
4185,No
4186,No
4187,No
4188,Yes
4189,No
4190,Yes
4191,No
4192,No
4193,No
4194,No
4195,No
4196,No
4197,No
4198,No
4199,Yes
4200,No
4201,No
4202,No
4203,No
4204,No
4205,No
4206,No
4207,No
4208,No
4209,No
4210,No
4211,Yes
4212,Yes
4213,Yes
4214,Yes
4215,No
4216,No
4217,No
4218,No
4219,No
4220,No
4221,No
4222,No
4223,No
4224,No
4225,No
4226,Yes
4227,No
4228,Yes
4229,No
4230,Yes
4231,No
4232,Yes
4233,No
4234,No
4235,No
4236,No
4237,Yes
4238,No
4239,No
4240,Yes
4241,Yes
4242,No
4243,No
4244,No
4245,No
4246,No
4247,No
4248,No
4249,No
4250,No
4251,No
4252,No
4253,No
4254,Yes
4255,Yes
4256,No
4257,No
4258,Yes
4259,Yes
4260,No
4261,No
4262,Yes
4263,No
4264,No
4265,Yes
4266,Yes
4267,No
4268,No
4269,Yes
4270,No
4271,No
4272,Yes
4273,Yes
4274,No
4275,No
4276,Yes
4277,No
4278,No
4279,No
4280,No
4281,No
4282,No
4283,No
4284,No
4285,No
4286,No
4287,Yes
4288,Yes
4289,No
4290,Yes
4291,No
4292,Yes
4293,Yes
4294,No
4295,No
4296,Yes
4297,No
4298,No
4299,No
4300,No
4301,No
4302,No
4303,No
4304,No
4305,No
4306,No
4307,Yes
4308,No
4309,No
4310,No
4311,Yes
4312,No
4313,No
4314,Yes
4315,Yes
4316,No
4317,No
4318,No
4319,No
4320,No
4321,No
4322,No
4323,Yes
4324,No
4325,No
4326,Yes
4327,No
4328,No
4329,Yes
4330,Yes
4331,No
4332,No
4333,No
4334,No
4335,No
4336,No
4337,No
4338,No
4339,No
4340,No
4341,Yes
4342,No
4343,Yes
4344,No
4345,No
4346,No
4347,No
4348,Yes
4349,Yes
4350,No
4351,No
4352,No
4353,Yes
4354,No
4355,No
4356,No
4357,No
4358,No
4359,No
4360,No
4361,No
4362,No
4363,No
4364,No
4365,No
4366,No
4367,No
4368,Yes
4369,Yes
4370,No
4371,No
4372,No
4373,No
4374,No
4375,No
4376,No
4377,No
4378,No
4379,No
4380,No
4381,Yes
4382,No
4383,No
4384,Yes
4385,No
4386,Yes
4387,No
4388,No
4389,No
4390,No
4391,No
4392,No
4393,Yes
4394,No
4395,Yes
4396,Yes
4397,No
4398,No
4399,No
4400,No
4401,No
4402,Yes
4403,No
4404,No
4405,Yes
4406,No
4407,No
4408,No
4409,No
4410,No
4411,No
4412,No
4413,Yes
4414,No
4415,No
4416,No
4417,Yes
4418,Yes
4419,No
4420,No
4421,No
4422,No
4423,No
4424,Yes
4425,No
4426,No
4427,No
4428,Yes
4429,No
4430,No
4431,No
4432,No
4433,No
4434,No
4435,No
4436,No
4437,No
4438,No
4439,No
4440,No
4441,No
4442,Yes
4443,No
4444,Yes
4445,No
4446,Yes
4447,No
4448,Yes
4449,No
4450,Yes
4451,No
4452,No
4453,Yes
4454,No
4455,Yes
4456,No
4457,No
4458,Yes
4459,Yes
4460,No
4461,No
4462,Yes
4463,Yes
4464,Yes
4465,No
4466,Yes
4467,No
4468,Yes
4469,No
4470,No
4471,Yes
4472,No
4473,No
4474,No
4475,No
4476,Yes
4477,No
4478,No
4479,No
4480,Yes
4481,No
4482,Yes
4483,No
4484,No
4485,No
4486,No
4487,No
4488,Yes
4489,No
4490,No
4491,No
4492,No
4493,No
4494,No
4495,Yes
4496,No
4497,No
4498,No
4499,Yes
4500,No
4501,No
4502,Yes
4503,Yes
4504,No
4505,No
4506,No
4507,No
4508,No
4509,Yes
4510,No
4511,No
4512,No
4513,Yes
4514,No
4515,No
4516,No
4517,Yes
4518,Yes
4519,No
4520,Yes
4521,No
4522,No
4523,No
4524,Yes
4525,No
4526,No
4527,Yes
4528,No
4529,No
4530,No
4531,Yes
4532,Yes
4533,No
4534,No
4535,Yes
4536,Yes
4537,No
4538,Yes
4539,Yes
4540,No
4541,Yes
4542,No
4543,No
4544,Yes
4545,No
4546,Yes
4547,No
4548,Yes
4549,No
4550,No
4551,No
4552,No
4553,No
4554,No
4555,No
4556,Yes
4557,No
4558,Yes
4559,No
4560,No
4561,No
4562,No
4563,Yes
4564,Yes
4565,No
4566,No
4567,No
4568,No
4569,Yes
4570,No
4571,No
4572,No
4573,No
4574,No
4575,No
4576,No
4577,No
4578,No
4579,No
4580,No
4581,No
4582,No
4583,No
4584,No
4585,Yes
4586,No
4587,No
4588,No
4589,No
4590,No
4591,No
4592,No
4593,No
4594,Yes
4595,No
4596,No
4597,Yes
4598,No
4599,No
4600,No
4601,No
4602,No
4603,No
4604,No
4605,No
4606,No
4607,No
4608,No
4609,No
4610,Yes
4611,No
4612,No
4613,Yes
4614,No
4615,No
4616,No
4617,No
4618,No
4619,Yes
4620,No
4621,No
4622,No
4623,No
4624,Yes
4625,No
4626,No
4627,No
4628,No
4629,No
4630,No
4631,Yes
4632,Yes
4633,No
4634,No
4635,No
4636,No
4637,No
4638,Yes
4639,No
4640,Yes
4641,No
4642,Yes
4643,No
4644,No
4645,Yes
4646,No
4647,No
4648,No
4649,No
4650,No
4651,Yes
4652,No
4653,Yes
4654,No
4655,No
4656,No
4657,No
4658,No
4659,No
4660,Yes
4661,No
4662,No
4663,Yes
4664,Yes
4665,No
4666,No
4667,No
4668,No
4669,No
4670,No
4671,Yes
4672,No
4673,Yes
4674,No
4675,Yes
4676,No
4677,Yes
4678,Yes
4679,No
4680,No
4681,Yes
4682,Yes
4683,No
4684,Yes
4685,No
4686,No
4687,Yes
4688,No
4689,No
4690,No
4691,Yes
4692,No
4693,No
4694,No
4695,No
4696,No
4697,No
4698,Yes
4699,No
4700,No
4701,No
4702,No
4703,Yes
4704,No
4705,No
4706,Yes
4707,No
4708,No
4709,No
4710,No
4711,No
4712,No
4713,No
4714,No
4715,No
4716,No
4717,No
4718,No
4719,Yes
4720,No
4721,Yes
4722,No
4723,Yes
4724,No
4725,Yes
4726,No
4727,No
4728,No
4729,No
4730,No
4731,No
4732,No
4733,No
4734,Yes
4735,No
4736,No
4737,No
4738,Yes
4739,No
4740,Yes
4741,No
4742,No
4743,No
4744,No
4745,No
4746,Yes
4747,No
4748,No
4749,Yes
4750,No
4751,Yes
4752,No
4753,Yes
4754,No
4755,No
4756,No
4757,Yes
4758,No
4759,Yes
4760,No
4761,No
4762,No
4763,No
4764,Yes
4765,No
4766,No
4767,No
4768,No
4769,No
4770,No
4771,Yes
4772,No
4773,Yes
4774,No
4775,Yes
4776,No
4777,No
4778,No
4779,No
4780,No
4781,No
4782,No
4783,No
4784,No
4785,Yes
4786,No
4787,No
4788,No
4789,Yes
4790,No
4791,No
4792,Yes
4793,No
4794,No
4795,Yes
4796,No
4797,No
4798,No
4799,No
4800,Yes
4801,No
4802,No
4803,No
4804,No
4805,No
4806,No
4807,No
4808,No
4809,No
4810,Yes
4811,Yes
4812,Yes
4813,No
4814,Yes
4815,Yes
4816,No
4817,No
4818,No
4819,Yes
4820,No
4821,No
4822,No
4823,Yes
4824,No
4825,No
4826,Yes
4827,Yes
4828,No
4829,No
4830,No
4831,No
4832,No
4833,No
4834,No
4835,No
4836,No
4837,Yes
4838,No
4839,Yes
4840,No
4841,No
4842,Yes
4843,No
4844,No
4845,No
4846,No
4847,Yes
4848,Yes
4849,No
4850,No
4851,Yes
4852,No
4853,No
4854,No
4855,No
4856,Yes
4857,No
4858,No
4859,No
4860,No
4861,No
4862,Yes
4863,No
4864,No
4865,No
4866,No
4867,No
4868,Yes
4869,No
4870,No
4871,No
4872,No
4873,No
4874,Yes
4875,Yes
4876,Yes
4877,No
4878,No
4879,No
4880,No
4881,No
4882,No
4883,Yes
4884,No
4885,No
4886,No
4887,No
4888,No
4889,No
4890,No
4891,No
4892,No
4893,Yes
4894,No
4895,No
4896,No
4897,No
4898,Yes
4899,Yes
4900,Yes
4901,Yes
4902,No
4903,Yes
4904,No
4905,No
4906,No
4907,No
4908,Yes
4909,No
4910,Yes
4911,No
4912,Yes
4913,No
4914,No
4915,No
4916,No
4917,No
4918,No
4919,No
4920,No
4921,No
4922,No
4923,No
4924,Yes
4925,No
4926,No
4927,No
4928,Yes
4929,No
4930,No
4931,No
4932,No
4933,No
4934,No
4935,No
4936,No
4937,No
4938,Yes
4939,No
4940,No
4941,Yes
4942,Yes
4943,No
4944,No
4945,No
4946,Yes
4947,Yes
4948,No
4949,Yes
4950,Yes
4951,No
4952,No
4953,No
4954,Yes
4955,Yes
4956,Yes
4957,No
4958,No
4959,Yes
4960,Yes
4961,No
4962,No
4963,No
4964,Yes
4965,Yes
4966,No
4967,Yes
4968,No
4969,No
4970,No
4971,No
4972,No
4973,No
4974,Yes
4975,No
4976,No
4977,No
4978,Yes
4979,No
4980,No
4981,Yes
4982,Yes
4983,Yes
4984,No
4985,No
4986,No
4987,No
4988,No
4989,No
4990,No
4991,Yes
4992,No
4993,No
4994,Yes
4995,Yes
4996,No
4997,Yes
4998,No
4999,No
5000,No
5001,Yes
5002,No
5003,Yes
5004,No
5005,Yes
5006,Yes
5007,No
5008,No
5009,No
5010,No
5011,No
5012,No
5013,No
5014,No
5015,No
5016,Yes
5017,No
5018,No
5019,No
5020,No
5021,No
5022,No
5023,Yes
5024,No
5025,No
5026,No
5027,Yes
5028,No
5029,No
5030,Yes
5031,No
5032,No
5033,No
5034,No
5035,No
5036,Yes
5037,Yes
5038,No
5039,Yes
5040,No
5041,No
5042,No
5043,Yes
5044,No
5045,No
5046,No
5047,No
5048,No
5049,Yes
5050,Yes
5051,No
5052,No
5053,No
5054,No
5055,No
5056,No
5057,No
5058,No
5059,Yes
5060,No
5061,No
5062,Yes
5063,Yes
5064,Yes
5065,No
5066,No
5067,No
5068,No
5069,Yes
5070,Yes
5071,No
5072,No
5073,No
5074,No
5075,No
5076,Yes
5077,No
5078,No
5079,No
5080,No
5081,No
5082,No
5083,No
5084,No
5085,No
5086,Yes
5087,No
5088,No
5089,No
5090,Yes
5091,Yes
5092,No
5093,No
5094,No
5095,No
5096,No
5097,No
5098,Yes
5099,Yes
5100,Yes
5101,No
5102,No
5103,No
5104,No
5105,Yes
5106,No
5107,No
5108,No
5109,No
5110,No
5111,Yes
5112,Yes
5113,No
5114,No
5115,No
5116,Yes
5117,No
5118,No
5119,No
5120,Yes
5121,No
5122,No
5123,Yes
5124,No
5125,Yes
5126,No
5127,Yes
5128,No
5129,No
5130,Yes
5131,Yes
5132,No
5133,Yes
5134,Yes
5135,No
5136,No
5137,No
5138,No
5139,No
5140,No
5141,No
5142,No
5143,No
5144,No
5145,No
5146,No
5147,No
5148,No
5149,No
5150,No
5151,No
5152,No
5153,No
5154,Yes
5155,No
5156,No
5157,No
5158,No
5159,No
5160,No
5161,No
5162,No
5163,No
5164,No
5165,Yes
5166,No
5167,No
5168,Yes
5169,No
5170,No
5171,No
5172,No
5173,No
5174,Yes
5175,No
5176,No
5177,Yes
5178,No
5179,Yes
5180,No
5181,No
5182,No
5183,Yes
5184,No
5185,No
5186,Yes
5187,No
5188,No
5189,No
5190,No
5191,No
5192,No
5193,No
5194,Yes
5195,No
5196,No
5197,No
5198,Yes
5199,No
5200,No
5201,No
5202,No
5203,No
5204,No
5205,No
5206,No
5207,Yes
5208,No
5209,No
5210,Yes
5211,Yes
5212,No
5213,No
5214,Yes
5215,Yes
5216,Yes
5217,No
5218,No
5219,No
5220,No
5221,No
5222,No
5223,No
5224,No
5225,No
5226,No
5227,No
5228,No
5229,Yes
5230,No
5231,Yes
5232,No
5233,Yes
5234,No
5235,No
5236,No
5237,No
5238,No
5239,No
5240,No
5241,No
5242,Yes
5243,No
5244,No
5245,No
5246,Yes
5247,Yes
5248,No
5249,No
5250,No
5251,Yes
5252,No
5253,No
5254,No
5255,No
5256,Yes
5257,Yes
5258,Yes
5259,No
5260,No
5261,No
5262,No
5263,No
5264,No
5265,No
5266,No
5267,No
5268,No
5269,No
5270,Yes
5271,No
5272,Yes
5273,No
5274,No
5275,Yes
5276,No
5277,Yes
5278,No
5279,No
5280,No
5281,No
5282,Yes
5283,No
5284,Yes
5285,No
5286,Yes
5287,No
5288,Yes
5289,No
5290,No
5291,No
5292,No
5293,No
5294,No
5295,No
5296,No
5297,No
5298,No
5299,Yes
5300,Yes
5301,Yes
5302,No
5303,No
5304,No
5305,No
5306,Yes
5307,No
5308,No
5309,No
5310,No
5311,Yes
5312,Yes
5313,No
5314,No
5315,Yes
5316,No
5317,Yes
5318,No
5319,No
5320,No
5321,No
5322,No
5323,No
5324,No
5325,No
5326,Yes
5327,No
5328,No
5329,Yes
5330,Yes
5331,No
5332,No
5333,Yes
5334,Yes
5335,No
5336,No
5337,No
5338,No
5339,No
5340,No
5341,Yes
5342,Yes
5343,No
5344,No
5345,Yes
5346,No
5347,No
5348,No
5349,No
5350,No
5351,Yes
5352,No
5353,No
5354,No
5355,No
5356,No
5357,No
5358,No
5359,Yes
5360,Yes
5361,No
5362,No
5363,No
5364,Yes
5365,No
5366,No
5367,No
5368,Yes
5369,No
5370,No
5371,Yes
5372,No
5373,No
5374,Yes
5375,Yes
5376,No
5377,No
5378,No
5379,No
5380,Yes
5381,Yes
5382,No
5383,Yes
5384,No
5385,Yes
5386,No
5387,No
5388,Yes
5389,No
5390,Yes
5391,No
5392,No
5393,Yes
5394,No
5395,Yes
5396,No
5397,Yes
5398,No
5399,No
5400,No
5401,No
5402,No
5403,No
5404,No
5405,No
5406,No
5407,No
5408,No
5409,Yes
5410,No
5411,Yes
5412,No
5413,No
5414,Yes
5415,No
5416,No
5417,No
5418,No
5419,No
5420,No
5421,No
5422,No
5423,Yes
5424,No
5425,No
5426,No
5427,No
5428,Yes
5429,No
5430,Yes
5431,No
5432,Yes
5433,No
5434,No
5435,No
5436,No
5437,Yes
5438,Yes
5439,Yes
5440,No
5441,Yes
5442,No
5443,No
5444,No
5445,No
5446,Yes
5447,No
5448,No
5449,No
5450,Yes
5451,No
5452,No
5453,No
5454,Yes
5455,No
5456,Yes
5457,No
5458,Yes
5459,No
5460,No
5461,No
5462,No
5463,Yes
5464,No
5465,No
5466,No
5467,No
5468,Yes
5469,No
5470,No
5471,No
5472,No
5473,No
5474,No
5475,Yes
5476,Yes
5477,No
5478,No
5479,No
5480,No
5481,Yes
5482,Yes
5483,Yes
5484,No
5485,No
5486,No
5487,No
5488,No
5489,No
5490,No
5491,No
5492,No
5493,Yes
5494,Yes
5495,Yes
5496,No
5497,Yes
5498,Yes
5499,Yes
5500,No
5501,No
5502,Yes
5503,No
5504,Yes
5505,No
5506,No
5507,No
5508,No
5509,Yes
5510,No
5511,No
5512,No
5513,No
5514,No
5515,No
5516,Yes
5517,No
5518,Yes
5519,No
5520,No
5521,No
5522,Yes
5523,No
5524,No
5525,No
5526,No
5527,No
5528,No
5529,No
5530,No
5531,No
5532,No
5533,No
5534,No
5535,No
5536,Yes
5537,No
5538,Yes
5539,No
5540,Yes
5541,Yes
5542,No
5543,No
5544,Yes
5545,No
5546,No
5547,Yes
5548,No
5549,Yes
5550,No
5551,No
5552,No
5553,Yes
5554,No
5555,No
5556,Yes
5557,No
5558,No
5559,No
5560,No
5561,No
5562,No
5563,No
5564,No
5565,Yes
5566,No
5567,No
5568,No
5569,Yes
5570,No
5571,No
5572,No
5573,Yes
5574,No
5575,No
5576,Yes
5577,No
5578,No
5579,Yes
5580,No
5581,Yes
5582,No
5583,Yes
5584,Yes
5585,Yes
5586,No
5587,No
5588,Yes
5589,Yes
5590,No
5591,Yes
5592,No
5593,No
5594,No
5595,No
5596,No
5597,Yes
5598,No
5599,Yes
5600,Yes
5601,No
5602,No
5603,Yes
5604,No
5605,No
5606,No
5607,Yes
5608,No
5609,Yes
5610,Yes
5611,No
5612,No
5613,No
5614,No
5615,Yes
5616,No
5617,No
5618,No
5619,No
5620,No
5621,Yes
5622,Yes
5623,No
5624,No
5625,No
5626,No
5627,No
5628,Yes
5629,Yes
5630,Yes
5631,No
5632,No
5633,No
5634,Yes
5635,No
5636,Yes
5637,No
5638,Yes
5639,No
5640,Yes
5641,No
5642,No
5643,Yes
5644,Yes
5645,No
5646,Yes
5647,No
5648,No
5649,No
5650,No
5651,Yes
5652,No
5653,Yes
5654,No
5655,No
5656,No
5657,No
5658,No
5659,No
5660,No
5661,No
5662,Yes
5663,No
5664,Yes
5665,No
5666,No
5667,No
5668,No
5669,No
5670,Yes
5671,No
5672,No
5673,No
5674,No
5675,No
5676,No
5677,No
5678,Yes
5679,Yes
5680,Yes
5681,No
5682,No
5683,Yes
5684,Yes
5685,No
5686,Yes
5687,No
5688,No
5689,No
5690,No
5691,No
5692,No
5693,No
5694,No
5695,No
5696,Yes
5697,Yes
5698,Yes
5699,No
5700,No
5701,No
5702,Yes
5703,No
5704,No
5705,No
5706,Yes
5707,No
5708,No
5709,No
5710,No
5711,Yes
5712,No
5713,No
5714,Yes
5715,Yes
5716,No
5717,No
5718,Yes
5719,No
5720,No
5721,No
5722,Yes
5723,No
5724,Yes
5725,No
5726,No
5727,No
5728,Yes
5729,No
5730,No
5731,No
5732,No
5733,No
5734,No
5735,No
5736,No
5737,No
5738,Yes
5739,No
5740,No
5741,Yes
5742,No
5743,No
5744,No
5745,No
5746,Yes
5747,No
5748,No
5749,No
5750,Yes
5751,No
5752,No
5753,No
5754,No
5755,No
5756,No
5757,No
5758,No
5759,Yes
5760,No
5761,No
5762,No
5763,No
5764,No
5765,Yes
5766,No
5767,No
5768,No
5769,No
5770,No
5771,No
5772,No
5773,No
5774,No
5775,No
5776,No
5777,No
5778,No
5779,Yes
5780,No
5781,No
5782,Yes
5783,Yes
5784,No
5785,No
5786,No
5787,Yes
5788,No
5789,No
5790,No
5791,No
5792,Yes
5793,No
5794,No
5795,No
5796,No
5797,No
5798,Yes
5799,Yes
5800,No
5801,No
5802,No
5803,Yes
5804,No
5805,No
5806,Yes
5807,No
5808,No
5809,No
5810,Yes
5811,No
5812,Yes
5813,No
5814,No
5815,Yes
5816,No
5817,Yes
5818,No
5819,No
5820,No
5821,No
5822,No
5823,No
5824,No
5825,Yes
5826,Yes
5827,No
5828,No
5829,No
5830,No
5831,Yes
5832,Yes
5833,No
5834,No
5835,No
5836,No
5837,No
5838,No
5839,No
5840,No
5841,Yes
5842,No
5843,No
5844,No
5845,Yes
5846,No
5847,No
5848,No
5849,No
5850,Yes
5851,No
5852,Yes
5853,No
5854,No
5855,No
5856,No
5857,Yes
5858,No
5859,No
5860,Yes
5861,No
5862,No
5863,Yes
5864,No
5865,No
5866,No
5867,No
5868,No
5869,No
5870,Yes
5871,Yes
5872,Yes
5873,No
5874,Yes
5875,No
5876,Yes
5877,Yes
5878,No
5879,No
5880,Yes
5881,No
5882,No
5883,No
5884,Yes
5885,No
5886,No
5887,No
5888,Yes
5889,No
5890,No
5891,Yes
5892,No
5893,No
5894,Yes
5895,No
5896,No
5897,No
5898,No
5899,No
5900,Yes
5901,Yes
5902,No
5903,No
5904,No
5905,No
5906,Yes
5907,No
5908,Yes
5909,No
5910,No
5911,No
5912,Yes
5913,No
5914,No
5915,No
5916,No
5917,No
5918,No
5919,No
5920,No
5921,No
5922,No
5923,No
5924,No
5925,No
5926,No
5927,No
5928,No
5929,No
5930,No
5931,Yes
5932,Yes
5933,Yes
5934,Yes
5935,No
5936,No
5937,Yes
5938,No
5939,No
5940,No
5941,No
5942,Yes
5943,Yes
5944,Yes
5945,No
5946,Yes
5947,Yes
5948,No
5949,No
5950,No
5951,No
5952,No
5953,No
5954,No
5955,No
5956,Yes
5957,Yes
5958,No
5959,No
5960,No
5961,No
5962,No
5963,No
5964,No
5965,No
5966,Yes
5967,Yes
5968,Yes
5969,No
5970,No
5971,No
5972,Yes
5973,No
5974,No
5975,Yes
5976,No
5977,No
5978,No
5979,No
5980,No
5981,No
5982,No
5983,No
5984,Yes
5985,No
5986,No
5987,No
5988,No
5989,Yes
5990,No
5991,Yes
5992,Yes
5993,No
5994,Yes
5995,No
5996,No
5997,No
5998,No
5999,No
6000,No
6001,No
6002,Yes
6003,No
6004,No
6005,No
6006,No
6007,No
6008,No
6009,Yes
6010,No
6011,No
6012,Yes
6013,No
6014,No
6015,No
6016,Yes
6017,No
6018,No
6019,No
6020,No
6021,No
6022,No
6023,No
6024,Yes
6025,No
6026,No
6027,No
6028,Yes
6029,No
6030,Yes
6031,No
6032,Yes
6033,Yes
6034,No
6035,Yes
6036,No
6037,No
6038,Yes
6039,Yes
6040,Yes
6041,No
6042,No
6043,Yes
6044,No
6045,No
6046,No
6047,No
6048,Yes
6049,No
6050,No
6051,No
6052,No
6053,No
6054,Yes
6055,No
6056,No
6057,No
6058,No
6059,No
6060,No
6061,No
6062,No
6063,No
6064,Yes
6065,No
6066,Yes
6067,No
6068,Yes
6069,No
6070,No
6071,No
6072,No
6073,No
6074,Yes
6075,No
6076,No
6077,No
6078,No
6079,No
6080,Yes
6081,No
6082,Yes
6083,No
6084,No
6085,Yes
6086,No
6087,No
6088,Yes
6089,Yes
6090,No
6091,Yes
6092,No
6093,No
6094,No
6095,No
6096,No
6097,No
6098,No
6099,No
6100,Yes
6101,No
6102,No
6103,No
6104,No
6105,Yes
6106,Yes
6107,No
6108,No
6109,No
6110,No
6111,No
6112,No
6113,No
6114,No
6115,No
6116,No
6117,No
6118,No
6119,No
6120,No
6121,No
6122,No
6123,No
6124,No
6125,Yes
6126,Yes
6127,No
6128,No
6129,No
6130,No
6131,Yes
6132,No
6133,No
6134,No
6135,No
6136,No
6137,Yes
6138,No
6139,No
6140,No
6141,Yes
6142,Yes
6143,No
6144,No
6145,No
6146,Yes
6147,No
6148,No
6149,No
6150,No
6151,Yes
6152,Yes
6153,No
6154,No
6155,Yes
6156,No
6157,Yes
6158,No
6159,No
6160,No
6161,No
6162,No
6163,No
6164,No
6165,No
6166,Yes
6167,No
6168,Yes
6169,Yes
6170,No
6171,No
6172,Yes
6173,No
6174,Yes
6175,No
6176,Yes
6177,Yes
6178,No
6179,Yes
6180,No
6181,No
6182,No
6183,No
6184,No
6185,No
6186,Yes
6187,No
6188,No
6189,No
6190,Yes
6191,No
6192,No
6193,No
6194,No
6195,Yes
6196,No
6197,Yes
6198,No
6199,Yes
6200,No
6201,No
6202,Yes
6203,No
6204,No
6205,Yes
6206,No
6207,Yes
6208,No
6209,No
6210,No
6211,Yes
6212,No
6213,No
6214,No
6215,Yes
6216,No
6217,No
6218,No
6219,Yes
6220,No
6221,No
6222,No
6223,Yes
6224,No
6225,No
6226,No
6227,Yes
6228,No
6229,No
6230,No
6231,Yes
6232,Yes
6233,No
6234,No
6235,Yes
6236,No
6237,Yes
6238,No
6239,No
6240,Yes
6241,Yes
6242,No
6243,No
6244,No
6245,No
6246,No
6247,No
6248,No
6249,No
6250,No
6251,No
6252,No
6253,No
6254,No
6255,No
6256,Yes
6257,Yes
6258,No
6259,No
6260,No
6261,No
6262,No
6263,No
6264,No
6265,No
6266,Yes
6267,Yes
6268,No
6269,No
6270,No
6271,No
6272,No
6273,Yes
6274,No
6275,No
6276,No
6277,Yes
6278,No
6279,No
6280,No
6281,No
6282,No
6283,Yes
6284,No
6285,No
6286,No
6287,Yes
6288,No
6289,Yes
6290,Yes
6291,No
6292,No
6293,No
6294,Yes
6295,No
6296,No
6297,No
6298,No
6299,No
6300,No
6301,No
6302,Yes
6303,No
6304,Yes
6305,Yes
6306,No
6307,No
6308,No
6309,No
6310,No
6311,No
6312,Yes
6313,Yes
6314,No
6315,No
6316,No
6317,Yes
6318,No
6319,No
6320,No
6321,Yes
6322,Yes
6323,No
6324,No
6325,Yes
6326,No
6327,No
6328,No
6329,No
6330,No
6331,No
6332,No
6333,Yes
6334,No
6335,No
6336,No
6337,No
6338,No
6339,Yes
6340,No
6341,Yes
6342,No
6343,No
6344,Yes
6345,No
6346,Yes
6347,No
6348,No
6349,No
6350,No
6351,Yes
6352,No
6353,No
6354,No
6355,No
6356,No
6357,Yes
6358,No
6359,No
6360,Yes
6361,No
6362,No
6363,No
6364,No
6365,Yes
6366,No
6367,No
6368,Yes
6369,No
6370,Yes
6371,No
6372,No
6373,No
6374,No
6375,Yes
6376,No
6377,Yes
6378,Yes
6379,Yes
6380,No
6381,No
6382,No
6383,No
6384,No
6385,Yes
6386,No
6387,No
6388,Yes
6389,No
6390,No
6391,No
6392,No
6393,No
6394,No
6395,Yes
6396,No
6397,No
6398,Yes
6399,No
6400,No
6401,Yes
6402,No
6403,No
6404,No
6405,No
6406,No
6407,No
6408,Yes
6409,No
6410,No
6411,No
6412,No
6413,Yes
6414,No
6415,No
6416,No
6417,Yes
6418,No
6419,No
6420,No
6421,No
6422,No
6423,No
6424,Yes
6425,No
6426,No
6427,No
6428,Yes
6429,No
6430,No
6431,No
6432,No
6433,No
6434,Yes
6435,No
6436,No
6437,No
6438,Yes
6439,No
6440,No
6441,No
6442,No
6443,No
6444,Yes
6445,No
6446,No
6447,No
6448,Yes
6449,No
6450,No
6451,No
6452,No
6453,Yes
6454,No
6455,No
6456,No
6457,No
6458,No
6459,No
6460,Yes
6461,No
6462,Yes
6463,No
6464,No
6465,No
6466,No
6467,No
6468,No
6469,No
6470,No
6471,No
6472,No
6473,Yes
6474,No
6475,No
6476,No
6477,No
6478,No
6479,Yes
6480,No
6481,No
6482,Yes
6483,No
6484,No
6485,No
6486,Yes
6487,No
6488,Yes
6489,Yes
6490,No
6491,Yes
6492,No
6493,No
6494,No
6495,Yes
6496,Yes
6497,No
6498,Yes
6499,No
6500,No
6501,No
6502,No
6503,No
6504,Yes
6505,No
6506,Yes
6507,Yes
6508,Yes
6509,Yes
6510,No
6511,No
6512,No
6513,No
6514,No
6515,Yes
6516,Yes
6517,No
6518,Yes
6519,No
6520,Yes
6521,No
6522,No
6523,No
6524,Yes
6525,No
6526,Yes
6527,Yes
6528,No
6529,Yes
6530,No
6531,No
6532,No
6533,No
6534,No
6535,Yes
6536,No
6537,Yes
6538,Yes
6539,No
6540,No
6541,No
6542,Yes
6543,No
6544,Yes
6545,Yes
6546,No
6547,No
6548,No
6549,Yes
6550,Yes
6551,No
6552,Yes
6553,No
6554,Yes
6555,No
6556,No
6557,No
6558,Yes
6559,No
6560,No
6561,No
6562,Yes
6563,Yes
6564,No
6565,No
6566,No
6567,No
6568,No
6569,No
6570,No
6571,No
6572,No
6573,No
6574,No
6575,No
6576,No
6577,No
6578,No
6579,No
6580,No
6581,No
6582,No
6583,No
6584,No
6585,No
6586,No
6587,No
6588,No
6589,No
6590,Yes
6591,Yes
6592,No
6593,Yes
6594,No
6595,No
6596,No
6597,Yes
6598,No
6599,Yes
6600,Yes
6601,No
6602,No
6603,No
6604,No
6605,Yes
6606,Yes
6607,Yes
6608,Yes
6609,Yes
6610,No
6611,No
6612,Yes
6613,No
6614,No
6615,No
6616,Yes
6617,No
6618,No
6619,No
6620,Yes
6621,No
6622,Yes
6623,Yes
6624,No
6625,Yes
6626,Yes
6627,No
6628,No
6629,No
6630,No
6631,No
6632,Yes
6633,Yes
6634,Yes
6635,No
6636,No
6637,No
6638,No
6639,No
6640,No
6641,Yes
6642,No
6643,No
6644,No
6645,No
6646,No
6647,No
6648,No
6649,No
6650,No
6651,No
6652,No
6653,No
6654,Yes
6655,No
6656,No
6657,No
6658,Yes
6659,No
6660,Yes
6661,No
6662,No
6663,No
6664,No
6665,No
6666,No
6667,Yes
6668,No
6669,No
6670,No
6671,No
6672,No
6673,No
6674,No
6675,No
6676,No
6677,No
6678,No
6679,No
6680,Yes
6681,Yes
6682,No
6683,No
6684,No
6685,No
6686,No
6687,Yes
6688,No
6689,No
6690,No
6691,No
6692,No
6693,No
6694,No
6695,No
6696,No
6697,No
6698,No
6699,No
6700,No
6701,No
6702,No
6703,Yes
6704,No
6705,No
6706,No
6707,No
6708,Yes
6709,No
6710,No
6711,No
6712,No
6713,No
6714,No
6715,No
6716,Yes
6717,Yes
6718,Yes
6719,No
6720,No
6721,No
6722,No
6723,No
6724,Yes
6725,No
6726,Yes
6727,No
6728,No
6729,No
6730,No
6731,No
6732,No
6733,No
6734,Yes
6735,No
6736,No
6737,No
6738,No
6739,No
6740,Yes
6741,Yes
6742,No
6743,No
6744,No
6745,Yes
6746,Yes
6747,No
6748,Yes
6749,No
6750,No
6751,No
6752,No
6753,No
6754,No
6755,No
6756,No
6757,Yes
6758,No
6759,No
6760,Yes
6761,No
6762,Yes
6763,No
6764,Yes
6765,No
6766,No
6767,No
6768,No
6769,No
6770,No
6771,No
6772,Yes
6773,Yes
6774,No
6775,No
6776,No
6777,No
6778,No
6779,No
6780,No
6781,Yes
6782,No
6783,No
6784,No
6785,Yes
6786,Yes
6787,No
6788,No
6789,Yes
6790,No
6791,Yes
6792,Yes
6793,No
6794,No
6795,No
6796,Yes
6797,No
6798,No
6799,No
6800,Yes
6801,No
6802,No
6803,No
6804,No
6805,No
6806,No
6807,No
6808,No
6809,Yes
6810,Yes
6811,Yes
6812,No
6813,Yes
6814,No
6815,No
6816,Yes
6817,No
6818,No
6819,Yes
6820,No
6821,Yes
6822,Yes
6823,No
6824,Yes
6825,No
6826,No
6827,No
6828,No
6829,No
6830,No
6831,Yes
6832,No
6833,No
6834,No
6835,No
6836,Yes
6837,No
6838,Yes
6839,Yes
6840,No
6841,No
6842,No
6843,Yes
6844,No
6845,No
6846,Yes
6847,No
6848,No
6849,No
6850,No
6851,No
6852,No
6853,Yes
6854,No
6855,No
6856,No
6857,No
6858,Yes
6859,No
6860,Yes
6861,Yes
6862,Yes
6863,No
6864,Yes
6865,No
6866,Yes
6867,No
6868,Yes
6869,Yes
6870,No
6871,No
6872,No
6873,No
6874,No
6875,No
6876,No
6877,Yes
6878,Yes
6879,No
6880,No
6881,No
6882,No
6883,No
6884,Yes
6885,Yes
6886,Yes
6887,No
6888,No
6889,No
6890,No
6891,No
6892,No
6893,Yes
6894,Yes
6895,No
6896,Yes
6897,No
6898,No
6899,Yes
6900,No
6901,No
6902,No
6903,No
6904,No
6905,No
6906,No
6907,Yes
6908,Yes
6909,No
6910,No
6911,No
6912,No
6913,No
6914,Yes
6915,No
6916,No
6917,No
6918,Yes
6919,No
6920,No
6921,No
6922,No
6923,No
6924,Yes
6925,No
6926,Yes
6927,No
6928,No
6929,No
6930,Yes
6931,No
6932,No
6933,Yes
6934,No
6935,No
6936,Yes
6937,No
6938,No
6939,No
6940,No
6941,No
6942,No
6943,Yes
6944,No
6945,Yes
6946,No
6947,No
6948,No
6949,No
6950,No
6951,No
6952,Yes
6953,Yes
6954,No
6955,No
6956,No
6957,No
6958,No
6959,No
6960,No
6961,Yes
6962,Yes
6963,No
6964,No
6965,No
6966,No
6967,Yes
6968,Yes
6969,Yes
6970,Yes
6971,Yes
6972,Yes
6973,No
6974,No
6975,No
6976,No
6977,No
6978,No
6979,No
6980,Yes
6981,No
6982,No
6983,No
6984,No
6985,No
6986,Yes
6987,No
6988,No
6989,No
6990,No
6991,Yes
6992,No
6993,Yes
6994,No
6995,No
6996,Yes
6997,No
6998,No
6999,Yes
7000,No
7001,Yes
7002,No
7003,No
7004,No
7005,No
7006,Yes
7007,No
7008,Yes
7009,Yes
7010,Yes
7011,Yes
7012,No
7013,No
7014,No
7015,No
7016,No
7017,No
7018,Yes
7019,No
7020,No
7021,Yes
7022,No
7023,No
7024,No
7025,No
7026,Yes
7027,No
7028,No
7029,No
7030,No
7031,No
7032,Yes
7033,No
7034,Yes
7035,No
7036,No
7037,No
7038,No
7039,No
7040,No
7041,Yes
7042,No
