,ccp_alpha,criterion,min_samples_split,auc (mean),auc (std),auc (se)
0,0.0003421039003368271,entropy,6,0.6912028774390852,0.01763888872107536,0.007888350845575766
1,28.80259022108657,entropy,27,0.5,0.0,0.0
2,0.11718300213342993,entropy,5,0.7247867913353844,0.013577451431626314,0.006072020872463655
3,11.594612660803964,entropy,21,0.5,0.0,0.0
4,701.3367297793941,entropy,25,0.5,0.0,0.0
5,0.5881269664508249,entropy,30,0.5,0.0,0.0
6,0.3219906387540511,entropy,16,0.5,0.0,0.0
7,0.0003194169316702161,gini,25,0.7769825526470264,0.017682002620422507,0.007907631967518827
8,0.007569598780074765,gini,10,0.7905499521092878,0.01648815185333645,0.007373725673479888
9,0.31562944072442234,gini,27,0.5,0.0,0.0
10,5.68342290018844,gini,28,0.5,0.0,0.0
11,42.28372627358384,entropy,10,0.5,0.0,0.0
12,0.04640747421494688,entropy,40,0.7247867913353844,0.013577451431626314,0.006072020872463655
13,0.00028943725341419444,gini,6,0.6866842495243686,0.03490014966291095,0.015607821414237048
14,0.01039966129735428,gini,9,0.7831811192668725,0.013298482503171925,0.005947262174936797
15,232.8920662594239,entropy,2,0.5,0.0,0.0
16,0.003116717755136654,gini,13,0.7973985991147752,0.01511487013663087,0.006759575419317632
17,0.1461731926467376,entropy,8,0.5,0.0,0.0
18,329.9454454973905,gini,21,0.5,0.0,0.0
19,0.0001493807353025509,gini,7,0.6737533362989324,0.04041210742836165,0.018072843864768172
20,1.598977756366897,entropy,26,0.5,0.0,0.0
21,447.6169285746894,gini,2,0.5,0.0,0.0
22,0.004093739026126378,gini,36,0.7957942176714763,0.01382353105122571,0.0061820710239239626
23,0.6909226572928343,gini,11,0.5,0.0,0.0
24,231.15251562242327,entropy,16,0.5,0.0,0.0
25,0.0008554332369800198,gini,40,0.8175648178842657,0.013391803661341363,0.005988996665617971
26,0.46119868965229555,entropy,6,0.5,0.0,0.0
27,17.900658760866538,gini,11,0.5,0.0,0.0
28,4.820506648563805,gini,25,0.5,0.0,0.0
29,0.18804856263939457,entropy,37,0.5,0.0,0.0
30,0.002716086719845421,entropy,5,0.8252073746455695,0.0095776078973293,0.004283236464053428
31,0.27249668519394704,entropy,10,0.5,0.0,0.0
32,0.04042898383763265,entropy,21,0.7247867913353844,0.013577451431626314,0.006072020872463655
33,0.21968888464564984,entropy,3,0.5,0.0,0.0
34,0.036411007864458535,entropy,2,0.7247867913353844,0.013577451431626314,0.006072020872463655
35,73.35436470209214,entropy,18,0.5,0.0,0.0
36,24.017762480864935,entropy,33,0.5,0.0,0.0
37,0.01577475927193174,entropy,31,0.7831811192668725,0.013298482503171925,0.005947262174936797
38,1.0194767563873053,gini,30,0.5,0.0,0.0
39,0.008557429665630986,entropy,9,0.8066652390080662,0.01321560333569948,0.005910197484459402
40,0.14787696473216938,gini,25,0.5,0.0,0.0
41,0.02956981188076164,gini,12,0.7247867913353844,0.013577451431626314,0.006072020872463655
42,3.9975714930110247,entropy,37,0.5,0.0,0.0
43,0.039125291019984035,gini,2,0.7247867913353844,0.013577451431626314,0.006072020872463655
44,0.1635501117633938,entropy,9,0.5,0.0,0.0
45,10.84598145603849,entropy,25,0.5,0.0,0.0
46,0.0777934091054088,gini,30,0.5,0.0,0.0
47,221.29055812975372,gini,34,0.5,0.0,0.0
48,0.0018329952283910466,gini,23,0.8166114274707938,0.010887986580075318,0.004869255626230773
49,15.411045774082034,gini,38,0.5,0.0,0.0
50,0.09049369166598652,gini,37,0.5,0.0,0.0
51,0.09664402495119853,entropy,35,0.7247867913353844,0.013577451431626314,0.006072020872463655
52,2.758411663144407,entropy,5,0.5,0.0,0.0
53,0.4574497632854768,gini,29,0.5,0.0,0.0
54,0.08020507496488354,entropy,35,0.7247867913353844,0.013577451431626314,0.006072020872463655
55,0.00010232651043074449,entropy,21,0.7415222318382171,0.011065353494852824,0.004948576521911156
56,0.0004424217007475802,entropy,29,0.7631576390599532,0.00851276194252655,0.0038070228759525047
57,9.241889169605251,entropy,6,0.5,0.0,0.0
58,0.46818681322474465,gini,21,0.5,0.0,0.0
59,7.466606166101559,entropy,35,0.5,0.0,0.0
60,487.8409592923342,gini,32,0.5,0.0,0.0
61,6.031106265603604,gini,39,0.5,0.0,0.0
62,0.00023545116015340445,gini,11,0.7133452677949046,0.036670292193825255,0.01639945322003463
63,0.014520072807807987,gini,31,0.7755236957478813,0.015931090618578888,0.007124600315770314
64,1.406574731586179,entropy,19,0.5,0.0,0.0
65,0.004424282509972467,gini,33,0.7957942176714763,0.01382353105122571,0.0061820710239239626
66,568.5870927735826,gini,4,0.5,0.0,0.0
67,412.4179570051422,gini,21,0.5,0.0,0.0
68,86.85726817577174,entropy,20,0.5,0.0,0.0
69,0.2024267833423746,entropy,23,0.5,0.0,0.0
70,77.68497034503116,entropy,5,0.5,0.0,0.0
71,0.0008275123736661972,gini,13,0.8141590479378824,0.010487323398944202,0.0046900736044126765
72,0.014492242786072336,entropy,18,0.7859627834789491,0.018821446990247664,0.008417206981020518
73,0.174170564362564,gini,14,0.5,0.0,0.0
74,15.593026062674324,gini,31,0.5,0.0,0.0
75,0.2516382179629996,gini,11,0.5,0.0,0.0
76,0.0009080982350199686,entropy,14,0.7642770156683212,0.014478587253652255,0.006475021063465686
77,0.025395438019934147,entropy,5,0.7500925499478509,0.02709602116474946,0.012117709048830564
78,0.018663074414371122,entropy,16,0.7771308386050241,0.01579886427695135,0.007065466898111256
79,0.01267454361547325,gini,22,0.7771308386050241,0.01579886427695135,0.007065466898111256
80,0.0014404885257985926,entropy,17,0.8146486469399736,0.013329707929079825,0.005961226609928086
81,0.08022549547898125,gini,37,0.5,0.0,0.0
82,0.13703913305883028,entropy,6,0.5,0.0,0.0
83,26.56456023214651,entropy,10,0.5,0.0,0.0
84,37.560806212665646,gini,28,0.5,0.0,0.0
85,0.4536604257392686,entropy,25,0.5,0.0,0.0
86,0.16765328720993164,entropy,15,0.5,0.0,0.0
87,28.02174720448017,entropy,5,0.5,0.0,0.0
88,162.56335846489748,entropy,31,0.5,0.0,0.0
89,5.30189825292934,entropy,14,0.5,0.0,0.0
90,40.11929964232478,gini,14,0.5,0.0,0.0
91,374.7826486667977,entropy,17,0.5,0.0,0.0
92,0.00019257090262853063,gini,31,0.7775305033045247,0.017084661077149583,0.007640492708210249
93,134.80378117163335,gini,10,0.5,0.0,0.0
94,0.008628623255471653,gini,40,0.790149547101924,0.015625115452577505,0.0069877640616491385
95,0.21396931482152035,entropy,8,0.5,0.0,0.0
96,37.785632689753704,entropy,23,0.5,0.0,0.0
97,10.488071174761235,entropy,29,0.5,0.0,0.0
98,0.0010716007369182665,entropy,9,0.78363585992327,0.020933605294101418,0.00936179289035205
99,4.085430366948884,entropy,19,0.5,0.0,0.0
100,0.00030532649346313073,entropy,7,0.692004544048973,0.015446240944402497,0.006907768949704907
101,0.031585983085625206,gini,38,0.7247867913353844,0.013577451431626314,0.006072020872463655
102,48.95610427481295,entropy,31,0.5,0.0,0.0
103,0.09861292282171909,entropy,28,0.7247867913353844,0.013577451431626314,0.006072020872463655
104,1.5811790912356978,gini,2,0.5,0.0,0.0
105,12.506304024164669,gini,24,0.5,0.0,0.0
106,56.0522768195786,entropy,36,0.5,0.0,0.0
107,21.067152540836915,gini,14,0.5,0.0,0.0
108,0.00011220260162362561,entropy,8,0.6935403520196647,0.014024106630388054,0.006271771149850641
109,0.08745765646408203,gini,36,0.5,0.0,0.0
110,0.17456353429678764,gini,31,0.5,0.0,0.0
111,0.000244622568445303,gini,40,0.7883571143585657,0.015396777414161485,0.006885648186499702
112,0.6167297870691393,gini,19,0.5,0.0,0.0
113,1.796367793386585,entropy,7,0.5,0.0,0.0
114,62.97560740150933,gini,17,0.5,0.0,0.0
115,391.4397066987259,gini,14,0.5,0.0,0.0
116,0.0007889236548648783,entropy,30,0.7754016907190289,0.01075272356528543,0.004808764167048424
117,0.004102180075248825,entropy,39,0.8146554259980399,0.016796402179430188,0.007511579410126304
118,4.1125271633495695,gini,11,0.5,0.0,0.0
119,0.0008458978511548889,entropy,25,0.7751770220231762,0.009181166535597264,0.004105942497268345
120,0.003702972259863023,gini,23,0.7957942176714763,0.01382353105122571,0.0061820710239239626
121,1.0569102582260215,entropy,6,0.5,0.0,0.0
122,0.0015369723865003221,gini,29,0.8173142203968574,0.010582822540111517,0.004732782118701269
123,29.89586056361409,entropy,14,0.5,0.0,0.0
124,99.7308183697148,entropy,13,0.5,0.0,0.0
125,0.00017207565506504701,entropy,8,0.6935403520196647,0.014024106630388054,0.006271771149850641
126,0.5351969559302645,entropy,35,0.5,0.0,0.0
127,37.901770895065866,gini,23,0.5,0.0,0.0
128,669.8503183370507,entropy,23,0.5,0.0,0.0
129,0.0083140025306195,gini,32,0.790149547101924,0.015625115452577505,0.0069877640616491385
130,0.001526537381107549,gini,30,0.8173142203968574,0.010582822540111517,0.004732782118701269
131,137.0586694030158,gini,14,0.5,0.0,0.0
132,231.35412448490268,gini,14,0.5,0.0,0.0
133,0.002413960871724554,gini,38,0.8061101211222279,0.013690397065799071,0.006122531695618077
134,0.12322765922895898,entropy,9,0.7247867913353844,0.013577451431626314,0.006072020872463655
135,10.829913599163525,gini,23,0.5,0.0,0.0
136,82.68297820728893,gini,40,0.5,0.0,0.0
137,0.001506354320993494,entropy,17,0.8156067166887666,0.013882831259058063,0.0062085908830825645
138,4.51629955961948,entropy,20,0.5,0.0,0.0
139,45.16980493500466,gini,30,0.5,0.0,0.0
140,0.7046911958302701,gini,18,0.5,0.0,0.0
141,0.0014223831912213592,entropy,7,0.8127140521569819,0.01357642113982248,0.0060715601119616484
142,0.00017729710073041176,gini,37,0.7849715734883307,0.018616331846293084,0.0083254767000011
143,0.009348387906961709,gini,15,0.790149547101924,0.015625115452577505,0.0069877640616491385
144,45.19557594761879,gini,34,0.5,0.0,0.0
145,0.00020576136196627214,entropy,25,0.7518445916907323,0.012187543706461365,0.005450435241279471
146,0.00011416041405447287,gini,33,0.7802128679919706,0.022579972734020185,0.010098070792672182
147,0.033987289748850076,entropy,35,0.7247867913353844,0.013577451431626314,0.006072020872463655
148,0.0002788405944294454,entropy,29,0.7617745326888506,0.007773155009512566,0.0034762606001826246
149,0.0011127667064868261,gini,16,0.8158399988338513,0.010498026124614899,0.004694860008841518
150,0.00014532240504287446,entropy,34,0.7693296397648834,0.012876520505433196,0.005758555032763715
151,0.47101946776564235,entropy,36,0.5,0.0,0.0
152,7.531323719644048,gini,33,0.5,0.0,0.0
153,0.0975830641664111,entropy,40,0.7247867913353844,0.013577451431626314,0.006072020872463655
154,0.0008749700963875213,entropy,20,0.768855552833086,0.012228120468471215,0.005468581720911642
155,0.020868944147537153,entropy,11,0.7755236957478813,0.015931090618578888,0.007124600315770314
156,1.3565036920767806,entropy,11,0.5,0.0,0.0
157,384.2640482569014,entropy,15,0.5,0.0,0.0
158,886.9599993625958,gini,23,0.5,0.0,0.0
159,0.004911570888438748,gini,3,0.7957942176714763,0.01382353105122571,0.0061820710239239626
160,0.00011859308006207273,entropy,33,0.7670614724133775,0.01048915085995298,0.004690890869821047
161,65.23524262360137,gini,16,0.5,0.0,0.0
162,306.4012723441581,entropy,18,0.5,0.0,0.0
163,0.16226481478020394,entropy,27,0.5,0.0,0.0
164,25.124441239317303,gini,35,0.5,0.0,0.0
165,115.71595358024553,entropy,23,0.5,0.0,0.0
166,1.8505617799290361,gini,21,0.5,0.0,0.0
167,128.34834766495135,gini,20,0.5,0.0,0.0
168,0.0001470013025608349,gini,2,0.6351316552366627,0.03255736125170264,0.014560094585364947
169,0.007964647175285656,entropy,15,0.8068912147076244,0.013283058645351993,0.005940364416024665
170,0.008720413505842463,entropy,12,0.8066652390080662,0.01321560333569948,0.005910197484459402
171,0.0006989192434637396,entropy,29,0.7692004937132795,0.01109631040465605,0.004962420872849825
172,237.13419270847413,entropy,30,0.5,0.0,0.0
173,0.0001633333488848022,entropy,10,0.7062150597618435,0.013134867238502506,0.005874091204145309
174,5.1041943993710035,gini,35,0.5,0.0,0.0
175,0.00031577504870803654,gini,38,0.795969033511706,0.01663070414495619,0.007437476996361911
176,0.03353230876610665,entropy,27,0.7247867913353844,0.013577451431626314,0.006072020872463655
177,0.08446889224787427,gini,30,0.5,0.0,0.0
178,0.0018613584852068352,gini,9,0.8166114274707938,0.010887986580075318,0.004869255626230773
179,0.4437094956461003,gini,17,0.5,0.0,0.0
180,0.5558304391139537,entropy,2,0.5,0.0,0.0
181,0.016569414926383898,gini,20,0.7619661692409289,0.035371022223200634,0.01581840202494647
182,14.441636745489987,entropy,2,0.5,0.0,0.0
183,0.0013225645397460409,entropy,11,0.8120098097343277,0.014689050956609951,0.006569143292787633
184,0.0022261659343238895,entropy,36,0.8241471997363717,0.010527566125322563,0.004708070698769064
185,0.03030938514102975,gini,7,0.7247867913353844,0.013577451431626314,0.006072020872463655
186,0.044527973858055396,entropy,23,0.7247867913353844,0.013577451431626314,0.006072020872463655
187,0.0027797196395198728,entropy,18,0.8242399593289272,0.008739620173083159,0.003908476960908484
188,269.75185259124027,gini,13,0.5,0.0,0.0
189,62.61162663943627,gini,34,0.5,0.0,0.0
190,0.000559934477701742,gini,38,0.809523525083989,0.011588128803168915,0.005182368747181794
191,0.03858348122367653,entropy,7,0.7247867913353844,0.013577451431626314,0.006072020872463655
192,0.00425302239356648,gini,30,0.7957942176714763,0.01382353105122571,0.0061820710239239626
193,0.14373092503492776,gini,31,0.5,0.0,0.0
194,0.008594493816853425,entropy,33,0.8066652390080662,0.01321560333569948,0.005910197484459402
195,0.32557289239997744,gini,9,0.5,0.0,0.0
196,287.22488984079945,entropy,30,0.5,0.0,0.0
197,0.04759682378637501,gini,16,0.7247867913353844,0.013577451431626314,0.006072020872463655
198,3.555480494283072,entropy,15,0.5,0.0,0.0
199,1.4768887799835992,gini,21,0.5,0.0,0.0
200,18.351641978098165,gini,15,0.5,0.0,0.0
201,0.00027018255928472134,entropy,26,0.7527454775706371,0.01177236841294088,0.005264763205501424
202,16.359337635467792,gini,5,0.5,0.0,0.0
203,420.6602641498887,entropy,9,0.5,0.0,0.0
204,1.6784826710258969,entropy,34,0.5,0.0,0.0
205,0.010305275219816544,gini,35,0.7831811192668725,0.013298482503171925,0.005947262174936797
206,5.0884384894505335,gini,13,0.5,0.0,0.0
207,9.645872286535903,entropy,29,0.5,0.0,0.0
208,3.9368784453889374,gini,6,0.5,0.0,0.0
209,0.0010678548140325677,entropy,40,0.803715377504599,0.0167339162661548,0.00748363486018232
210,652.1221892972906,entropy,33,0.5,0.0,0.0
211,487.17406772589385,gini,32,0.5,0.0,0.0
212,0.09383799710980066,gini,16,0.5,0.0,0.0
213,1.4304125303279243,entropy,14,0.5,0.0,0.0
214,0.00018940874088551018,gini,18,0.7382785221620658,0.025229132018440018,0.011282810841309672
215,832.6075446838734,entropy,28,0.5,0.0,0.0
216,53.853625803083204,entropy,34,0.5,0.0,0.0
217,2.8544102814550456,gini,35,0.5,0.0,0.0
218,21.261466160569203,entropy,10,0.5,0.0,0.0
219,0.002071140208814707,entropy,32,0.8243776025424662,0.008559066731212898,0.003827731006989792
220,0.014242365625587419,entropy,35,0.7859627834789491,0.018821446990247664,0.008417206981020518
221,0.005305856621485307,entropy,17,0.8096074189985272,0.01690381184752001,0.0075596144739842105
222,1.487112557360434,entropy,24,0.5,0.0,0.0
223,0.0004398797455331113,entropy,36,0.7746391474142945,0.01149093512037437,0.005138902410839363
224,185.8959364459431,entropy,14,0.5,0.0,0.0
225,0.1721597387357732,gini,6,0.5,0.0,0.0
226,0.12992315393154077,gini,22,0.5,0.0,0.0
227,0.0005407283314379694,entropy,20,0.73951859843343,0.006743914514308902,0.0030159702576884363
228,6.2277082568863795,gini,23,0.5,0.0,0.0
229,52.27065718459473,gini,24,0.5,0.0,0.0
230,2.5518268354450493,entropy,20,0.5,0.0,0.0
231,0.00494490841318042,entropy,7,0.8109029348293231,0.016097008855420727,0.007198801207027365
232,31.47350071946885,entropy,7,0.5,0.0,0.0
233,0.0010465404854242799,entropy,7,0.7807630362973601,0.01704350220023177,0.007622085898877094
234,61.79229178526393,entropy,8,0.5,0.0,0.0
235,1.1612817320838846,gini,33,0.5,0.0,0.0
236,0.010607417948330346,entropy,31,0.8066652390080662,0.01321560333569948,0.005910197484459402
237,0.3914747891825007,gini,18,0.5,0.0,0.0
238,2.5232473246557356,entropy,6,0.5,0.0,0.0
239,0.006458423060125869,entropy,40,0.8067783996509416,0.013396871555139815,0.00599126309662519
240,84.79025145579125,entropy,15,0.5,0.0,0.0
241,0.08887425233390293,gini,4,0.5,0.0,0.0
242,176.34461440870257,entropy,14,0.5,0.0,0.0
243,70.51474310191922,entropy,26,0.5,0.0,0.0
244,0.0004959439527726845,gini,29,0.8007143741581455,0.013763051332502463,0.0061550236714589136
245,3.3402484115694415,entropy,18,0.5,0.0,0.0
246,0.014909461760363146,entropy,7,0.7831811192668725,0.013298482503171925,0.005947262174936797
247,18.983329188977173,entropy,31,0.5,0.0,0.0
248,0.6286683580722453,gini,11,0.5,0.0,0.0
249,0.15965852861144353,entropy,16,0.5,0.0,0.0
250,185.1686634169229,gini,8,0.5,0.0,0.0
251,0.0002516372431738935,gini,4,0.6501159253324178,0.034616039454570285,0.01548076346644678
252,0.7965689634463531,gini,39,0.5,0.0,0.0
253,0.01974138849085342,gini,24,0.7409021044397507,0.02588534084357848,0.011576276349398647
254,0.00017656855147902105,entropy,11,0.7110636651659601,0.011074619608702721,0.004952720454002281
255,18.820433864129022,gini,37,0.5,0.0,0.0
256,0.8554302276014618,gini,17,0.5,0.0,0.0
257,181.55882301464166,gini,22,0.5,0.0,0.0
258,1.5410920959142969,gini,34,0.5,0.0,0.0
259,0.02286861989386417,gini,37,0.7247867913353844,0.013577451431626314,0.006072020872463655
260,788.0206307228596,gini,23,0.5,0.0,0.0
261,0.000645651782368385,entropy,8,0.7005374487680752,0.013213865985391154,0.005909420517781373
262,0.00023345984779710443,entropy,22,0.7445619523032091,0.009733821640793484,0.004353097373934554
263,13.43857954052071,entropy,2,0.5,0.0,0.0
264,0.03945702118623977,entropy,22,0.7247867913353844,0.013577451431626314,0.006072020872463655
265,0.03390435997071228,gini,35,0.7247867913353844,0.013577451431626314,0.006072020872463655
266,136.68633392753625,gini,23,0.5,0.0,0.0
267,0.01954589338810464,gini,4,0.7409021044397507,0.02588534084357848,0.011576276349398647
268,167.07835019074358,gini,13,0.5,0.0,0.0
269,3.2204447635580062,entropy,13,0.5,0.0,0.0
270,0.020106978206707753,gini,38,0.7409021044397507,0.02588534084357848,0.011576276349398647
271,0.000261052935342876,gini,10,0.7144189041871287,0.03707187352792257,0.01657904585234196
272,0.005197152595434991,gini,9,0.7957942176714763,0.01382353105122571,0.0061820710239239626
273,601.0248220244482,entropy,9,0.5,0.0,0.0
274,0.06868683128724958,gini,23,0.5,0.0,0.0
275,0.0013189679120228044,entropy,21,0.8127297656827341,0.014583425608462318,0.006521906201066595
276,0.012192499442511587,entropy,24,0.7959023206358523,0.020188559878189138,0.009028598451091156
277,198.16659721585148,entropy,37,0.5,0.0,0.0
278,0.0014283577928530962,entropy,19,0.8143817102683976,0.013726099645979744,0.006138498374869301
279,27.862524666795714,entropy,35,0.5,0.0,0.0
280,0.0008791286221311035,entropy,10,0.7499803769280762,0.017083889794183595,0.007640147779981882
281,536.7301527944073,entropy,17,0.5,0.0,0.0
282,0.5145619903901056,entropy,12,0.5,0.0,0.0
283,0.00020053470763852375,entropy,20,0.7379634458251878,0.006674251859276505,0.002984816171259325
284,328.6114896815523,entropy,29,0.5,0.0,0.0
285,0.03217946438928945,gini,19,0.7247867913353844,0.013577451431626314,0.006072020872463655
286,13.181017975623012,entropy,28,0.5,0.0,0.0
287,0.4634000791132851,entropy,2,0.5,0.0,0.0
288,0.0004447056242009595,gini,10,0.7643491285331685,0.030526840539035666,0.013652018116716014
289,0.000552604638665431,gini,15,0.7923818275384042,0.019436409419782873,0.008692226540230349
290,0.0011080890285282653,entropy,26,0.7992899022662592,0.01448234412414176,0.006476701187025126
291,0.0013440024627444952,entropy,14,0.8138759309535164,0.014006521295208694,0.006263906748877007
292,0.00023404024920381132,gini,36,0.7872353890743662,0.018476266689224495,0.00826283765750419
293,0.00021334975831910412,gini,5,0.6516275930429405,0.03185496178256159,0.01424597199329312
294,435.5099406975702,gini,34,0.5,0.0,0.0
295,0.000435554524918914,gini,28,0.7887208151641255,0.017801733849160204,0.007961177400816241
296,0.361794309053331,gini,19,0.5,0.0,0.0
297,0.0006767195803184426,entropy,13,0.7312261201578625,0.014023137496486456,0.006271337739993986
298,0.003187975377652917,entropy,3,0.8211408373471558,0.011173927682785462,0.004997132374875
299,21.953537443296707,entropy,39,0.5,0.0,0.0
300,368.92980915462095,entropy,39,0.5,0.0,0.0
301,0.19408361066460494,gini,11,0.5,0.0,0.0
302,0.00010952006110479605,entropy,29,0.7618472499200729,0.007754763236791354,0.003468035549376353
303,987.3203983816924,entropy,21,0.5,0.0,0.0
304,0.00021597947879962973,entropy,22,0.7445122468540191,0.009775258776143199,0.004371628624221518
305,0.0532274092551883,entropy,4,0.7247867913353844,0.013577451431626314,0.006072020872463655
306,0.5934674508793675,gini,10,0.5,0.0,0.0
307,174.63611560232897,entropy,22,0.5,0.0,0.0
308,57.78096378956783,gini,12,0.5,0.0,0.0
309,1.8437689090277567,entropy,34,0.5,0.0,0.0
310,0.06169017991449156,entropy,4,0.7247867913353844,0.013577451431626314,0.006072020872463655
311,69.39865189433529,entropy,24,0.5,0.0,0.0
312,121.17379347073036,gini,5,0.5,0.0,0.0
313,126.86281720630353,gini,30,0.5,0.0,0.0
314,10.554922477278682,entropy,17,0.5,0.0,0.0
315,0.0004836279678496783,gini,40,0.8059794846278019,0.014226265432252309,0.006362179314494318
316,0.012304274090910679,entropy,11,0.7922657105776236,0.016602936784718633,0.00742505905535253
317,0.2520312491337142,gini,38,0.5,0.0,0.0
318,0.34306275458184876,gini,14,0.5,0.0,0.0
319,67.62602942943198,gini,36,0.5,0.0,0.0
320,0.00462229241089446,gini,38,0.7957942176714763,0.01382353105122571,0.0061820710239239626
321,4.488852022119394,gini,24,0.5,0.0,0.0
322,0.041629316676793766,gini,7,0.7247867913353844,0.013577451431626314,0.006072020872463655
323,26.81500440143378,entropy,17,0.5,0.0,0.0
324,0.002346498631463288,entropy,5,0.8235107528079286,0.01060147694195861,0.004741124620823209
325,0.21696568594958873,entropy,39,0.5,0.0,0.0
326,0.0005307745154732279,entropy,24,0.7496193703845409,0.013710281991592342,0.006131424504778335
327,0.003047412319722931,gini,16,0.7973985991147752,0.01511487013663087,0.006759575419317632
328,351.7408464870649,entropy,38,0.5,0.0,0.0
329,0.016305336785517016,entropy,21,0.7831811192668725,0.013298482503171925,0.005947262174936797
330,178.1718250682155,entropy,39,0.5,0.0,0.0
331,0.46786613617682205,gini,25,0.5,0.0,0.0
332,0.00018759966578189182,gini,7,0.6693179504347506,0.039362581555516925,0.01760348162560305
333,35.55263353807348,entropy,26,0.5,0.0,0.0
334,0.00023104589985637334,gini,13,0.7233663583797609,0.037715928701598574,0.016867076082261956
335,61.46171841078882,entropy,28,0.5,0.0,0.0
336,0.00011523748591496547,gini,36,0.7823370700318135,0.02095310073948129,0.009370511518576255
337,5.233344103051633,gini,18,0.5,0.0,0.0
338,0.001445431361029129,gini,21,0.8170918004680319,0.010391337835061527,0.004647147555272614
339,0.02512619158359087,entropy,36,0.7619661692409289,0.035371022223200634,0.01581840202494647
340,466.93858571647866,entropy,12,0.5,0.0,0.0
341,0.2532994879847324,gini,6,0.5,0.0,0.0
342,3.9993065657393845,gini,5,0.5,0.0,0.0
343,15.3160111496415,entropy,6,0.5,0.0,0.0
344,0.0005881604745299783,gini,9,0.7970208078920749,0.01944520388159367,0.008696159543117244
345,74.39954966081234,entropy,4,0.5,0.0,0.0
346,249.71209086313934,gini,12,0.5,0.0,0.0
347,0.001224459898646537,gini,10,0.8152266275635617,0.009954461245881096,0.0044517704050354755
348,0.6662987557476201,entropy,31,0.5,0.0,0.0
349,0.009650189959456485,gini,6,0.7859627834789491,0.018821446990247664,0.008417206981020518
350,15.29421235819701,entropy,2,0.5,0.0,0.0
351,0.00015772217231554836,gini,25,0.764966912169351,0.018526893845535332,0.008285478810107898
352,0.3871052167893436,gini,22,0.5,0.0,0.0
353,35.45716329633411,entropy,31,0.5,0.0,0.0
354,13.90459534851792,entropy,33,0.5,0.0,0.0
355,0.0005718561815577491,entropy,24,0.7522169157726193,0.012276266826410519,0.005490113426755906
356,67.69876734290524,entropy,32,0.5,0.0,0.0
357,0.004622587183241012,entropy,2,0.8111588258455233,0.01620830798196427,0.0072485756895849076
358,45.13499706115311,entropy,36,0.5,0.0,0.0
359,0.30192691048255355,gini,22,0.5,0.0,0.0
360,0.0013359197054902952,entropy,17,0.8138915789652985,0.013993045655153974,0.006257880259436473
361,13.749431540420762,entropy,22,0.5,0.0,0.0
362,45.22625894449733,entropy,19,0.5,0.0,0.0
363,7.803834489070034,entropy,12,0.5,0.0,0.0
364,567.4457834026416,entropy,2,0.5,0.0,0.0
365,0.006208849865854029,entropy,2,0.8067783996509416,0.013396871555139815,0.00599126309662519
366,0.004470296083949847,entropy,36,0.8111588258455233,0.01620830798196427,0.0072485756895849076
367,0.0010730269818643372,entropy,37,0.8028066070183806,0.01679198059524433,0.007509602017564741
368,0.5968201392495626,entropy,30,0.5,0.0,0.0
369,0.06253767867409868,entropy,37,0.7247867913353844,0.013577451431626314,0.006072020872463655
370,0.03137865621006307,gini,23,0.7247867913353844,0.013577451431626314,0.006072020872463655
371,0.1667754827820214,gini,40,0.5,0.0,0.0
372,0.008352098268988044,gini,26,0.790149547101924,0.015625115452577505,0.0069877640616491385
373,0.00010710818095841122,gini,24,0.75953499821802,0.01701789944057871,0.007610635996677927
374,0.20056484949282177,gini,25,0.5,0.0,0.0
375,0.008534765943263398,gini,30,0.790149547101924,0.015625115452577505,0.0069877640616491385
376,0.14076194609332945,gini,13,0.5,0.0,0.0
377,317.7794419779446,gini,13,0.5,0.0,0.0
378,0.0017907619083377857,entropy,24,0.8226825563158089,0.0071463718099035855,0.0031959546318865244
379,2.899913515344464,gini,30,0.5,0.0,0.0
380,3.24268135055984,entropy,38,0.5,0.0,0.0
381,0.009312199786868463,gini,4,0.790149547101924,0.015625115452577505,0.0069877640616491385
382,0.19779530428069475,entropy,31,0.5,0.0,0.0
383,612.7474201514565,entropy,10,0.5,0.0,0.0
384,0.02495863775430797,gini,40,0.7247867913353844,0.013577451431626314,0.006072020872463655
385,9.692064086945033,gini,28,0.5,0.0,0.0
386,76.1261891603902,gini,19,0.5,0.0,0.0
387,0.033484032440664696,entropy,18,0.7247867913353844,0.013577451431626314,0.006072020872463655
388,849.9608817284143,gini,9,0.5,0.0,0.0
389,2.404831673873487,gini,6,0.5,0.0,0.0
390,0.3212897674128238,gini,5,0.5,0.0,0.0
391,10.100726750753823,entropy,25,0.5,0.0,0.0
392,0.09264234446846023,gini,30,0.5,0.0,0.0
393,9.68918079985754,gini,38,0.5,0.0,0.0
394,0.008387193898796044,gini,33,0.790149547101924,0.015625115452577505,0.0069877640616491385
395,309.3557555209487,gini,23,0.5,0.0,0.0
396,0.6219276502745225,entropy,2,0.5,0.0,0.0
397,0.004915259543682391,entropy,30,0.8109029348293231,0.016097008855420727,0.007198801207027365
398,0.11491498878755138,entropy,9,0.7247867913353844,0.013577451431626314,0.006072020872463655
399,184.36385661942768,entropy,28,0.5,0.0,0.0
400,44.60537896912766,entropy,7,0.5,0.0,0.0
401,0.24619694766438968,entropy,14,0.5,0.0,0.0
402,0.02896754812722193,gini,3,0.7247867913353844,0.013577451431626314,0.006072020872463655
403,0.04302609172309267,entropy,23,0.7247867913353844,0.013577451431626314,0.006072020872463655
404,738.5289143599855,gini,27,0.5,0.0,0.0
405,0.0006102242972556715,entropy,27,0.7566015348612938,0.011683487469571348,0.0052250144392457076
406,167.1734360610949,gini,23,0.5,0.0,0.0
407,100.75395755779253,gini,40,0.5,0.0,0.0
408,0.0037215070115042643,entropy,39,0.8163769185766174,0.015403398894382076,0.006888609402476684
409,0.02789402200521317,entropy,27,0.7500925499478509,0.02709602116474946,0.012117709048830564
410,0.9703294375672793,gini,6,0.5,0.0,0.0
411,41.3760402982049,gini,31,0.5,0.0,0.0
412,449.9019104731934,gini,24,0.5,0.0,0.0
413,876.3163709856922,entropy,34,0.5,0.0,0.0
414,0.009302977020032327,gini,24,0.790149547101924,0.015625115452577505,0.0069877640616491385
415,0.002220981905763782,entropy,36,0.8241471997363717,0.010527566125322563,0.004708070698769064
416,0.2594633784340267,entropy,12,0.5,0.0,0.0
417,0.7997372160609082,entropy,15,0.5,0.0,0.0
418,3.953054143505291,gini,37,0.5,0.0,0.0
419,0.0005664191477282443,gini,35,0.80933872655255,0.011079144288271912,0.004954743952220904
420,3.345739590947966,entropy,40,0.5,0.0,0.0
421,281.6135613110999,gini,18,0.5,0.0,0.0
422,254.9220925738245,entropy,6,0.5,0.0,0.0
423,404.03407627921365,gini,25,0.5,0.0,0.0
424,286.007342540582,gini,2,0.5,0.0,0.0
425,531.4284398984731,gini,20,0.5,0.0,0.0
426,0.00021920363911043873,gini,11,0.708283815690858,0.034253161391218694,0.015318479463007252
427,258.3017418981396,entropy,8,0.5,0.0,0.0
428,0.007915705994418851,gini,19,0.7905499521092878,0.01648815185333645,0.007373725673479888
429,0.017565485108377025,entropy,4,0.7771308386050241,0.01579886427695135,0.007065466898111256
430,0.16229296200925908,gini,16,0.5,0.0,0.0
431,486.3655045631186,gini,4,0.5,0.0,0.0
432,1.720371813945384,entropy,33,0.5,0.0,0.0
433,0.02943421898111303,entropy,10,0.7409021044397507,0.02588534084357848,0.011576276349398647
434,0.04160097725920108,gini,15,0.7247867913353844,0.013577451431626314,0.006072020872463655
435,216.02271585560783,entropy,30,0.5,0.0,0.0
436,57.07329912004536,gini,28,0.5,0.0,0.0
437,0.0009178337888833814,gini,20,0.8188782092018302,0.01475993963679822,0.0066008456743348745
438,0.005505199516989035,entropy,22,0.8096074189985272,0.01690381184752001,0.0075596144739842105
439,0.04014360840244154,entropy,25,0.7247867913353844,0.013577451431626314,0.006072020872463655
440,0.00328998510720637,entropy,30,0.8197232476978391,0.011650279917157867,0.005210163570333121
441,0.8797763212926456,entropy,30,0.5,0.0,0.0
442,0.003676811112794315,gini,17,0.7968951013239063,0.014118071457999584,0.006313793498257327
443,1.0579654255475694,gini,35,0.5,0.0,0.0
444,356.5926191951757,entropy,2,0.5,0.0,0.0
445,87.24324861733149,entropy,3,0.5,0.0,0.0
446,0.0004952725309304698,gini,26,0.7961287582089005,0.013128149079610704,0.005871086752152166
447,0.0028075893645747984,entropy,38,0.824054944601387,0.00879331691508996,0.003932490873967979
448,0.07748982780980232,gini,24,0.5,0.0,0.0
449,3.3334430251832567,entropy,3,0.5,0.0,0.0
450,0.0508117953022621,entropy,22,0.7247867913353844,0.013577451431626314,0.006072020872463655
451,0.005771471805164584,gini,10,0.7957942176714763,0.01382353105122571,0.0061820710239239626
452,0.025859091323246566,gini,25,0.7247867913353844,0.013577451431626314,0.006072020872463655
453,0.0026797550974218065,entropy,29,0.8252073746455695,0.0095776078973293,0.004283236464053428
454,107.91132787227733,gini,37,0.5,0.0,0.0
455,7.599096969029176,entropy,16,0.5,0.0,0.0
456,0.07537090271619985,entropy,24,0.7247867913353844,0.013577451431626314,0.006072020872463655
457,7.998710849237605,entropy,27,0.5,0.0,0.0
458,0.4346155115476062,entropy,27,0.5,0.0,0.0
459,0.4828758416316594,entropy,32,0.5,0.0,0.0
460,0.03728114646436211,gini,14,0.7247867913353844,0.013577451431626314,0.006072020872463655
461,0.2615342131122654,gini,25,0.5,0.0,0.0
462,791.7967081543276,gini,40,0.5,0.0,0.0
463,30.99231883253343,entropy,26,0.5,0.0,0.0
464,62.21599464433312,gini,24,0.5,0.0,0.0
465,0.0007423401664990002,entropy,29,0.7718227296788767,0.007149057683597578,0.0031971557911182735
466,0.33878009197739617,gini,4,0.5,0.0,0.0
467,0.03700893458755079,entropy,20,0.7247867913353844,0.013577451431626314,0.006072020872463655
468,0.000419130046054466,gini,39,0.8020172783269304,0.014919425839934447,0.0066721700726720635
469,0.05847081989092711,gini,19,0.7247867913353844,0.013577451431626314,0.006072020872463655
470,0.00033060827768556695,gini,19,0.7649847041258079,0.02467182933908157,0.01103357750629202
471,0.004346483159213182,gini,6,0.7957942176714763,0.01382353105122571,0.0061820710239239626
472,39.024646590988084,gini,27,0.5,0.0,0.0
473,6.3609551537507185,entropy,31,0.5,0.0,0.0
474,7.759370125835311,entropy,13,0.5,0.0,0.0
475,0.00035933964839011425,gini,39,0.7970171997101663,0.01589941358002328,0.007110433913463069
476,0.0014056459418423852,gini,33,0.8170918004680319,0.010391337835061527,0.004647147555272614
477,0.0001416083976114002,entropy,5,0.6782279011551424,0.016666314438966868,0.007453402403983237
478,0.0004815059835624248,entropy,32,0.7672766448592497,0.010894298409906925,0.00487207836234395
479,0.0005111302883898981,entropy,15,0.7288942830544186,0.012696262147236773,0.005677941044275774
480,526.0328200547742,entropy,7,0.5,0.0,0.0
481,180.99177711859286,gini,2,0.5,0.0,0.0
482,0.0026901583832684445,gini,17,0.8005451270053825,0.013115199100449261,0.005865295345409728
483,0.00597985540817767,gini,38,0.7957942176714763,0.01382353105122571,0.0061820710239239626
484,532.2858777908209,entropy,15,0.5,0.0,0.0
485,0.9772001610550528,gini,34,0.5,0.0,0.0
486,0.037989453745160724,entropy,34,0.7247867913353844,0.013577451431626314,0.006072020872463655
487,0.18442085890113788,entropy,13,0.5,0.0,0.0
488,0.008043955155048316,entropy,3,0.8066652390080662,0.01321560333569948,0.005910197484459402
489,1.2163007090747937,gini,34,0.5,0.0,0.0
490,11.93720787433095,entropy,8,0.5,0.0,0.0
491,0.4056372130072607,gini,5,0.5,0.0,0.0
492,55.54747750686417,entropy,40,0.5,0.0,0.0
493,0.0006201171543372024,gini,32,0.8134518131646391,0.011044167465055387,0.004939101841351075
494,1.6810120128464836,gini,6,0.5,0.0,0.0
495,845.6995142412293,entropy,29,0.5,0.0,0.0
496,0.0011054862598367792,entropy,32,0.8020586978967394,0.01684287934973795,0.007532364632568301
497,0.2919123470435798,entropy,28,0.5,0.0,0.0
498,2.5764219535092523,entropy,28,0.5,0.0,0.0
499,0.023051858309422968,gini,29,0.7247867913353844,0.013577451431626314,0.006072020872463655
500,565.354996543,gini,27,0.5,0.0,0.0
501,0.24996134556263946,gini,4,0.5,0.0,0.0
502,0.2243317809714705,entropy,23,0.5,0.0,0.0
503,208.27921443633795,entropy,22,0.5,0.0,0.0
504,0.00012923283711231085,gini,12,0.7072562667388194,0.029469279341321646,0.013179062371025084
505,120.83593665284843,gini,35,0.5,0.0,0.0
506,0.000800781083628582,entropy,39,0.7882559182044979,0.014535945056593693,0.0065006722527491045
507,0.045100247748192344,gini,20,0.7247867913353844,0.013577451431626314,0.006072020872463655
508,0.2625386169266615,gini,19,0.5,0.0,0.0
509,0.21672593158008693,gini,19,0.5,0.0,0.0
510,0.000188738242728365,entropy,36,0.7728890416092329,0.010329977988900046,0.004619706597851414
511,0.01658631433950175,gini,10,0.7619661692409289,0.035371022223200634,0.01581840202494647
512,0.03144581337020443,entropy,15,0.7322156169581602,0.021887334535446168,0.009788313573507281
513,493.46378781121524,gini,7,0.5,0.0,0.0
514,262.36000158284156,gini,24,0.5,0.0,0.0
515,1.231517079709402,entropy,20,0.5,0.0,0.0
516,341.64410743974287,entropy,3,0.5,0.0,0.0
517,111.16979976116114,entropy,34,0.5,0.0,0.0
518,0.042663738408202874,entropy,9,0.7247867913353844,0.013577451431626314,0.006072020872463655
519,0.0006588217941175524,gini,6,0.8048638930890624,0.016804187216263967,0.007515060984439837
520,1.7781272118400702,gini,31,0.5,0.0,0.0
521,0.018241732143870037,gini,14,0.7500925499478509,0.02709602116474946,0.012117709048830564
522,0.00011700314090712783,gini,38,0.7848323530259593,0.019699239122858637,0.008809767556747047
523,738.3384149309425,entropy,2,0.5,0.0,0.0
524,609.4424035921568,entropy,39,0.5,0.0,0.0
525,0.5723281674157129,gini,4,0.5,0.0,0.0
526,2.1247112407814743,entropy,23,0.5,0.0,0.0
527,4.8091421285522244,gini,24,0.5,0.0,0.0
528,306.0349051948727,entropy,11,0.5,0.0,0.0
529,0.18730990612533263,gini,32,0.5,0.0,0.0
530,1.20267209725208,entropy,24,0.5,0.0,0.0
531,0.0038528100272203786,gini,25,0.7957942176714763,0.01382353105122571,0.0061820710239239626
532,0.004974938284093496,entropy,12,0.8109029348293231,0.016097008855420727,0.007198801207027365
533,0.4516326833847334,entropy,10,0.5,0.0,0.0
534,0.004021931410036029,entropy,13,0.8146554259980399,0.016796402179430188,0.007511579410126304
535,0.0001628431512487723,gini,5,0.6521991909679821,0.04027910597134742,0.018013363804970105
536,0.037918898785587844,entropy,9,0.7247867913353844,0.013577451431626314,0.006072020872463655
537,17.76707799969489,gini,18,0.5,0.0,0.0
538,0.008699439648193162,entropy,8,0.8066652390080662,0.01321560333569948,0.005910197484459402
539,109.37739340880702,entropy,9,0.5,0.0,0.0
540,8.270212964705516,gini,15,0.5,0.0,0.0
541,3.743120118348181,entropy,18,0.5,0.0,0.0
542,176.7591833186739,entropy,4,0.5,0.0,0.0
543,0.0003286073062092028,gini,6,0.7030188100435536,0.03593153171658254,0.01606906949079365
544,0.0017838477976667648,gini,4,0.8166114274707938,0.010887986580075318,0.004869255626230773
545,231.68160716858455,gini,31,0.5,0.0,0.0
546,223.49182285360067,gini,39,0.5,0.0,0.0
547,0.0003530781084658057,entropy,15,0.7286221724170463,0.011497644574364438,0.005141902969882104
548,26.279728121204453,entropy,26,0.5,0.0,0.0
549,0.00012824100358758706,gini,2,0.6512500966331061,0.024166234378450786,0.010807468566081667
550,0.0008844002844313136,gini,23,0.816204392449646,0.012564371313954225,0.00561895767051
551,0.0005865756301763904,entropy,37,0.7753266592068093,0.013489928477277058,0.006032879417360346
552,0.01142796876586596,gini,28,0.7799645143580417,0.01618661908150109,0.007238876118426329
553,0.05222505962759085,gini,31,0.7247867913353844,0.013577451431626314,0.006072020872463655
554,237.7480972644291,entropy,17,0.5,0.0,0.0
555,0.11344482497416518,entropy,6,0.7247867913353844,0.013577451431626314,0.006072020872463655
556,0.0007361113968567678,gini,23,0.8128172890712214,0.01116579450501135,0.004993495107199799
557,0.008061970971250526,entropy,29,0.8066652390080662,0.01321560333569948,0.005910197484459402
558,0.00011082501447852994,entropy,12,0.7195024017421476,0.0150499531176778,0.00673054364586249
559,0.00015716137517658642,entropy,29,0.7618472499200729,0.007754763236791354,0.003468035549376353
560,0.10410659689253804,entropy,2,0.7247867913353844,0.013577451431626314,0.006072020872463655
561,0.38487338305693686,entropy,23,0.5,0.0,0.0
562,0.0056199322876011645,gini,27,0.7957942176714763,0.01382353105122571,0.0061820710239239626
563,0.04562962681152512,gini,5,0.7247867913353844,0.013577451431626314,0.006072020872463655
564,0.0005291548838822519,entropy,7,0.6976486659390249,0.017517292405819743,0.007833971320230755
565,4.090260163209331,gini,2,0.5,0.0,0.0
566,0.05600657221901448,gini,19,0.7247867913353844,0.013577451431626314,0.006072020872463655
567,0.0013510741860396352,entropy,12,0.8140518801854307,0.014184030778816066,0.006343291403276401
568,0.3032183073097917,entropy,25,0.5,0.0,0.0
569,0.002874907516037015,entropy,4,0.824054944601387,0.00879331691508996,0.003932490873967979
570,0.011089320762179552,entropy,21,0.804106328846063,0.013785589178366356,0.006165102902542528
571,0.000739934079052991,gini,24,0.812869110621649,0.011134728292308904,0.0049796018745185714
572,29.18189148388153,gini,14,0.5,0.0,0.0
573,0.009020001254212559,gini,26,0.790149547101924,0.015625115452577505,0.0069877640616491385
574,489.4818483667355,entropy,4,0.5,0.0,0.0
575,0.06886893646503364,entropy,9,0.7247867913353844,0.013577451431626314,0.006072020872463655
576,0.0012200045258362146,gini,30,0.8152266275635617,0.009954461245881096,0.0044517704050354755
577,8.639543247588875,entropy,39,0.5,0.0,0.0
578,13.642910742548331,entropy,9,0.5,0.0,0.0
579,147.65138400486362,entropy,37,0.5,0.0,0.0
580,0.0008328893934011543,entropy,34,0.7831189907310836,0.012461753721020083,0.005573065687812371
581,33.82218911485316,gini,27,0.5,0.0,0.0
582,104.30703782826527,entropy,22,0.5,0.0,0.0
583,0.01354029313003495,gini,7,0.7771308386050241,0.01579886427695135,0.007065466898111256
584,0.15183618081804445,gini,37,0.5,0.0,0.0
585,2.1751725466965186,entropy,17,0.5,0.0,0.0
586,0.005231087725556743,gini,6,0.7957942176714763,0.01382353105122571,0.0061820710239239626
587,125.74520621148567,entropy,29,0.5,0.0,0.0
588,7.840789315415083,gini,10,0.5,0.0,0.0
589,99.26161137418336,entropy,3,0.5,0.0,0.0
590,0.14106047743516448,gini,22,0.5,0.0,0.0
591,0.42952509299168734,entropy,4,0.5,0.0,0.0
592,0.0022897133444280686,entropy,15,0.8238596114235399,0.010739939586784384,0.004803046998058177
593,0.015782313689341663,entropy,10,0.7831811192668725,0.013298482503171925,0.005947262174936797
594,12.781596893711637,entropy,23,0.5,0.0,0.0
595,516.4811160641873,entropy,13,0.5,0.0,0.0
596,0.0011607002525766972,gini,2,0.8156763056279122,0.010918639703138838,0.004882964119609313
597,0.00022620629894604772,entropy,12,0.7202558729998585,0.014252211159709878,0.006373782596558479
598,0.00029659834190898937,entropy,35,0.7721701961226213,0.010705794323720833,0.004787776772194234
599,0.11176411454491941,gini,29,0.5,0.0,0.0
600,35.375203039701276,gini,33,0.5,0.0,0.0
601,0.003750946676638698,entropy,13,0.8158343973893993,0.015684702480839353,0.007014412190803277
602,0.21873813240286355,gini,33,0.5,0.0,0.0
603,0.40533610101900724,gini,38,0.5,0.0,0.0
604,73.09990062157162,entropy,35,0.5,0.0,0.0
605,0.0014068002890691286,entropy,11,0.8130468025251705,0.013079108048845387,0.005849154936456585
606,0.00012677401432382944,entropy,31,0.7623719119990147,0.010190835124342029,0.004557480017104259
607,0.35203449926463937,entropy,16,0.5,0.0,0.0
608,0.030670539648362905,gini,4,0.7247867913353844,0.013577451431626314,0.006072020872463655
609,0.011095774730754232,entropy,11,0.804106328846063,0.013785589178366356,0.006165102902542528
610,25.4483531087342,gini,13,0.5,0.0,0.0
611,6.085124940790261,gini,3,0.5,0.0,0.0
612,0.00038686552845846266,gini,36,0.7974317213402586,0.016351948725059993,0.007312813782765032
613,0.6866312087513123,gini,19,0.5,0.0,0.0
614,38.4514156589025,gini,7,0.5,0.0,0.0
615,233.23319538614246,gini,40,0.5,0.0,0.0
616,0.00010029849888456789,gini,33,0.7797302052814743,0.021562749549975443,0.009643154755109616
617,44.96252484451666,gini,16,0.5,0.0,0.0
618,0.0002007869550320034,gini,19,0.7403722143459872,0.0270293442896843,0.012087890243795972
619,5.95448304364914,entropy,24,0.5,0.0,0.0
620,1.5347927023895551,gini,18,0.5,0.0,0.0
621,461.4387324086307,entropy,7,0.5,0.0,0.0
622,2.649437296724709,gini,22,0.5,0.0,0.0
623,0.0003087261724255181,gini,4,0.6729062210100681,0.03761108574812281,0.016820188888075228
624,4.929307169532692,entropy,24,0.5,0.0,0.0
625,0.00608755525967021,entropy,6,0.8067783996509416,0.013396871555139815,0.00599126309662519
626,66.62051026395477,gini,35,0.5,0.0,0.0
627,0.00016604837483068919,entropy,34,0.7693296397648834,0.012876520505433196,0.005758555032763715
628,0.018575938578602413,entropy,26,0.7771308386050241,0.01579886427695135,0.007065466898111256
629,5.4331439141400075,gini,12,0.5,0.0,0.0
630,0.0012286936137114748,gini,18,0.8152266275635617,0.009954461245881096,0.0044517704050354755
631,3.341212248342518,entropy,34,0.5,0.0,0.0
632,7.595802026272822,gini,21,0.5,0.0,0.0
633,13.691267467204876,entropy,20,0.5,0.0,0.0
634,134.0745490925734,gini,20,0.5,0.0,0.0
635,0.07801225153109358,gini,2,0.5,0.0,0.0
636,0.000993987251729869,entropy,14,0.7771786490626262,0.01833514891755958,0.008199727871448981
637,0.0066401289404375285,gini,23,0.7922657105776236,0.016602936784718633,0.00742505905535253
638,0.053431554582947266,gini,18,0.7247867913353844,0.013577451431626314,0.006072020872463655
639,0.00024101439993949887,entropy,29,0.7617864988155075,0.007771873675973754,0.0034756875704036972
640,9.116786999242185,entropy,20,0.5,0.0,0.0
641,0.0002761051672333819,entropy,17,0.732698911878469,0.009694980963169229,0.004335727294842556
642,0.00025349027386388663,gini,30,0.775264856603022,0.015527496036668172,0.006944107331669719
643,336.89670278480907,gini,21,0.5,0.0,0.0
644,44.02720830228169,gini,12,0.5,0.0,0.0
645,0.005967155119213452,entropy,27,0.8072818974418106,0.014429695933090353,0.006453156200208456
646,0.024657931549486752,entropy,2,0.7619661692409289,0.035371022223200634,0.01581840202494647
647,60.45578971700038,entropy,26,0.5,0.0,0.0
648,2.160967585951936,gini,34,0.5,0.0,0.0
649,0.0071519309608338855,entropy,16,0.8067783996509416,0.013396871555139815,0.00599126309662519
650,0.1390382751869223,gini,39,0.5,0.0,0.0
651,97.48035704406419,gini,16,0.5,0.0,0.0
652,0.00010112056055435273,gini,29,0.7686473461600951,0.013968559806983558,0.006246929855237315
653,884.6206340021072,gini,4,0.5,0.0,0.0
654,0.9152394635822418,entropy,19,0.5,0.0,0.0
655,0.0018799250614313662,entropy,3,0.8243975302543515,0.006087648727432999,0.0027224792755360548
656,39.93462773210505,gini,4,0.5,0.0,0.0
657,0.0003414808204459083,gini,32,0.7887721650139675,0.015109251750292214,0.006757062800562213
658,0.07413111896531233,gini,11,0.5,0.0,0.0
659,1.0278407761576602,gini,25,0.5,0.0,0.0
660,0.0053747768506360784,entropy,6,0.8096074189985272,0.01690381184752001,0.0075596144739842105
661,157.26414641685255,entropy,38,0.5,0.0,0.0
662,7.555414060541403,entropy,32,0.5,0.0,0.0
663,0.0013576785989277507,gini,18,0.817452440133334,0.010448522770020596,0.004672721435644091
664,0.0011700286926700817,entropy,7,0.7942303451538006,0.014645669619342567,0.006549742568970689
665,0.0002713515974343361,entropy,3,0.6633946587770376,0.014475157350824969,0.00647348716429008
666,1.0011279785574545,entropy,28,0.5,0.0,0.0
667,0.0020458277771337754,gini,34,0.816873041132291,0.008354103311752098,0.0037360685792267615
668,0.6322352887114265,gini,15,0.5,0.0,0.0
669,54.4888129562712,entropy,13,0.5,0.0,0.0
670,142.65767620283023,entropy,13,0.5,0.0,0.0
671,0.0006523074764336955,gini,35,0.8148814688494174,0.013401167392952428,0.005993184253699053
672,0.021167130334976955,entropy,39,0.7755236957478813,0.015931090618578888,0.007124600315770314
673,0.08348914660179156,entropy,26,0.7247867913353844,0.013577451431626314,0.006072020872463655
674,0.048297242522509456,gini,28,0.7247867913353844,0.013577451431626314,0.006072020872463655
675,0.08546783485572942,gini,22,0.5,0.0,0.0
676,0.16592520751791465,gini,34,0.5,0.0,0.0
677,19.762963489609756,gini,40,0.5,0.0,0.0
678,0.013759749411222107,gini,30,0.7755236957478813,0.015931090618578888,0.007124600315770314
679,0.025349552408102716,gini,20,0.7247867913353844,0.013577451431626314,0.006072020872463655
680,0.05391543893697845,gini,3,0.7247867913353844,0.013577451431626314,0.006072020872463655
681,0.0011442719613021484,gini,12,0.8160638207616392,0.010843999966318367,0.00484958421453866
682,2.5859137296863346,gini,12,0.5,0.0,0.0
683,0.0633464324223393,gini,4,0.5410853175331107,0.09186956288119962,0.04108531753311075
684,258.8618376979767,gini,33,0.5,0.0,0.0
685,56.22262606878694,entropy,33,0.5,0.0,0.0
686,0.004085632760421929,gini,17,0.7957942176714763,0.01382353105122571,0.0061820710239239626
687,0.004968185527046941,gini,8,0.7957942176714763,0.01382353105122571,0.0061820710239239626
688,29.915353593435306,entropy,22,0.5,0.0,0.0
689,0.8302496238798824,gini,24,0.5,0.0,0.0
690,0.00011788944954713034,entropy,10,0.7062110306526763,0.013133990329298257,0.00587369903842715
691,2.565555231208724,entropy,19,0.5,0.0,0.0
692,0.058128670019550445,gini,33,0.7247867913353844,0.013577451431626314,0.006072020872463655
693,31.368688183068553,entropy,9,0.5,0.0,0.0
694,16.90165534367572,gini,11,0.5,0.0,0.0
695,285.95392351791094,entropy,29,0.5,0.0,0.0
696,7.852388870679171,entropy,39,0.5,0.0,0.0
697,245.95185810919293,gini,33,0.5,0.0,0.0
698,0.009830683872632376,gini,10,0.7859627834789491,0.018821446990247664,0.008417206981020518
699,0.023496860011002475,gini,40,0.7247867913353844,0.013577451431626314,0.006072020872463655
700,0.0002596605168388449,entropy,2,0.6561343056043271,0.014368047024162936,0.006425585969988377
701,117.09888662793726,gini,33,0.5,0.0,0.0
702,0.001200944991432261,entropy,25,0.8048464581837432,0.012511871535562925,0.005595479055852675
703,0.723163645012769,gini,34,0.5,0.0,0.0
704,0.366747970329419,gini,9,0.5,0.0,0.0
705,49.83627258865628,gini,2,0.5,0.0,0.0
706,0.05199077183797843,entropy,32,0.7247867913353844,0.013577451431626314,0.006072020872463655
707,0.0009969025453918424,entropy,29,0.7990611242066258,0.0175651583854313,0.007855377637074968
708,0.04803605373664638,entropy,37,0.7247867913353844,0.013577451431626314,0.006072020872463655
709,0.00021694515838151942,gini,22,0.7565393473629316,0.017968430952092527,0.008035726611578031
710,0.012891061855726303,gini,2,0.7771308386050241,0.01579886427695135,0.007065466898111256
711,2.570508152115225,gini,4,0.5,0.0,0.0
712,0.00025118980482520434,entropy,8,0.6944941879281339,0.013262115062877942,0.005930998161203795
713,846.9808383076837,entropy,36,0.5,0.0,0.0
714,0.5666613899246941,entropy,15,0.5,0.0,0.0
715,0.012603842641293994,gini,30,0.7771308386050241,0.01579886427695135,0.007065466898111256
716,68.62947934682053,entropy,6,0.5,0.0,0.0
717,0.000916761293896878,gini,22,0.8188782092018302,0.01475993963679822,0.0066008456743348745
718,0.01793691721549568,gini,19,0.7500925499478509,0.02709602116474946,0.012117709048830564
719,363.1199047399701,entropy,24,0.5,0.0,0.0
720,0.00478114127406011,entropy,20,0.8111588258455233,0.01620830798196427,0.0072485756895849076
721,13.497194005198995,gini,33,0.5,0.0,0.0
722,0.00036856380049731267,gini,25,0.7797280826288399,0.017123214123466377,0.007657734154671059
723,0.5337310288042868,entropy,16,0.5,0.0,0.0
724,4.043688969716823,entropy,18,0.5,0.0,0.0
725,0.002938064444162625,gini,19,0.7973985991147752,0.01511487013663087,0.006759575419317632
726,0.01965218531855283,entropy,9,0.7771308386050241,0.01579886427695135,0.007065466898111256
727,0.7137786230236779,entropy,9,0.5,0.0,0.0
728,1.3486358795070348,entropy,37,0.5,0.0,0.0
729,0.0012009443764845337,entropy,2,0.7975260237868123,0.014788519821626005,0.006613627121551762
730,0.07506242091236671,gini,23,0.5,0.0,0.0
731,995.7059427528974,entropy,31,0.5,0.0,0.0
732,0.018073597318051634,entropy,32,0.7771308386050241,0.01579886427695135,0.007065466898111256
733,31.440715701535346,gini,11,0.5,0.0,0.0
734,0.0025780863732141517,entropy,11,0.8253270359121381,0.009444607204046208,0.0042237567458063095
735,0.16918339830534457,entropy,3,0.5,0.0,0.0
736,0.4238253004881794,gini,22,0.5,0.0,0.0
737,1.4863737588722725,entropy,18,0.5,0.0,0.0
738,10.557736624780425,gini,17,0.5,0.0,0.0
739,37.27113690001168,gini,28,0.5,0.0,0.0
740,7.964527338606745,gini,37,0.5,0.0,0.0
741,44.70989434413598,gini,4,0.5,0.0,0.0
742,159.1226109545377,gini,21,0.5,0.0,0.0
743,0.019179399060539143,gini,7,0.7500925499478509,0.02709602116474946,0.012117709048830564
744,61.8251436742439,entropy,15,0.5,0.0,0.0
745,0.43636237740166306,entropy,4,0.5,0.0,0.0
746,0.0065462873313447256,entropy,34,0.8067783996509416,0.013396871555139815,0.00599126309662519
747,0.0016274810138758838,entropy,40,0.8191966857137617,0.012343117262475918,0.005520009850629453
748,22.44621125816541,gini,33,0.5,0.0,0.0
749,2.860419958338186,gini,13,0.5,0.0,0.0
750,0.00031269402470561367,entropy,24,0.748745035678908,0.01414442053566643,0.006325577164018824
751,1.2947206594382854,entropy,2,0.5,0.0,0.0
752,0.00020503421361624412,entropy,23,0.7496626439997065,0.01018881397255978,0.004556576130548669
753,0.05480148836423237,gini,3,0.7247867913353844,0.013577451431626314,0.006072020872463655
754,0.9957003632594795,entropy,16,0.5,0.0,0.0
755,3.5592835104532674,entropy,20,0.5,0.0,0.0
756,0.0012734130336907303,gini,37,0.8168603903846456,0.010620756019998987,0.00474974648663157
757,0.00020599490294877985,gini,12,0.7136166807084943,0.02937947751415917,0.013138901773017289
758,1.0768776158713047,entropy,36,0.5,0.0,0.0
759,53.88771794916954,entropy,8,0.5,0.0,0.0
760,37.69479773133909,entropy,12,0.5,0.0,0.0
761,0.032932085990407686,gini,28,0.7247867913353844,0.013577451431626314,0.006072020872463655
762,1.0930947787799596,entropy,16,0.5,0.0,0.0
763,10.73705450695982,gini,9,0.5,0.0,0.0
764,129.51460190729028,gini,31,0.5,0.0,0.0
765,0.2763064385112269,entropy,32,0.5,0.0,0.0
766,134.43142521137943,entropy,26,0.5,0.0,0.0
767,0.01675336919870098,gini,10,0.7500925499478509,0.02709602116474946,0.012117709048830564
768,0.0034258235360024674,entropy,27,0.819436165480427,0.011889553114411741,0.005317169797183797
769,0.011451515621884819,gini,33,0.7799645143580417,0.01618661908150109,0.007238876118426329
770,12.834293264066858,entropy,26,0.5,0.0,0.0
771,157.03009491188504,gini,16,0.5,0.0,0.0
772,0.19873544107344857,entropy,37,0.5,0.0,0.0
773,7.43745127622903,entropy,17,0.5,0.0,0.0
774,0.0009369065621127598,gini,12,0.8178734296301343,0.01614944148134413,0.007222249790188076
775,0.3564552343087013,entropy,35,0.5,0.0,0.0
776,0.11063384415004456,entropy,12,0.7247867913353844,0.013577451431626314,0.006072020872463655
777,0.10500979721255763,entropy,29,0.7247867913353844,0.013577451431626314,0.006072020872463655
778,0.0020716321265925354,entropy,31,0.8243776025424662,0.008559066731212898,0.003827731006989792
779,2.288059483127317,entropy,33,0.5,0.0,0.0
780,5.064145401075979,entropy,10,0.5,0.0,0.0
781,2.846208457134897,entropy,10,0.5,0.0,0.0
782,15.823196950542616,gini,25,0.5,0.0,0.0
783,0.16127354961738025,entropy,38,0.5,0.0,0.0
784,92.9386657799347,entropy,18,0.5,0.0,0.0
785,0.9965185718437956,entropy,7,0.5,0.0,0.0
786,148.8229910727966,entropy,33,0.5,0.0,0.0
787,0.07431616192210394,entropy,14,0.7247867913353844,0.013577451431626314,0.006072020872463655
788,7.961049692663283,gini,21,0.5,0.0,0.0
789,0.002385806487529598,gini,5,0.8061101211222279,0.013690397065799071,0.006122531695618077
790,0.00038147755281207495,gini,14,0.7589784390248376,0.02572473442885293,0.011504450977208876
791,331.5253489262691,gini,40,0.5,0.0,0.0
792,0.03943339910067967,gini,14,0.7247867913353844,0.013577451431626314,0.006072020872463655
793,0.00020887651996855726,entropy,36,0.7728890416092329,0.010329977988900046,0.004619706597851414
794,2.133902574312507,entropy,7,0.5,0.0,0.0
795,341.05826432859266,gini,18,0.5,0.0,0.0
796,24.15811206049294,gini,37,0.5,0.0,0.0
797,814.1975500031303,entropy,6,0.5,0.0,0.0
798,351.4135412051323,entropy,28,0.5,0.0,0.0
799,0.15443095349235342,entropy,19,0.5,0.0,0.0
800,0.004338786007017789,entropy,23,0.8136498111232239,0.01481681974199159,0.006626283230690817
801,0.00028619983949559636,gini,6,0.6843884107096997,0.03551898600806964,0.01588457344118152
802,0.008032783377960399,entropy,20,0.8066652390080662,0.01321560333569948,0.005910197484459402
803,2.661123295546715,entropy,35,0.5,0.0,0.0
804,237.81502070388683,entropy,5,0.5,0.0,0.0
805,0.00010279101306299083,gini,16,0.7265171741597178,0.02374092885005949,0.010617266151543786
806,52.77050945369718,gini,5,0.5,0.0,0.0
807,22.451923489924226,entropy,8,0.5,0.0,0.0
808,6.8687516925346435,gini,24,0.5,0.0,0.0
809,0.0007854890633853206,gini,31,0.8131172971949538,0.011343749680024127,0.005073079080855087
810,0.00023593317309766299,gini,9,0.7042266518037307,0.03507108666845682,0.015684266767091216
811,14.364136711422345,entropy,3,0.5,0.0,0.0
812,3.089332766720134,gini,15,0.5,0.0,0.0
813,0.03884065254038454,entropy,21,0.7247867913353844,0.013577451431626314,0.006072020872463655
814,0.02621539871345362,gini,40,0.7247867913353844,0.013577451431626314,0.006072020872463655
815,0.00016924020847323767,entropy,6,0.6882762078810686,0.018829583219865335,0.008420845613521652
816,899.5801787932047,gini,18,0.5,0.0,0.0
817,71.86129918609947,gini,38,0.5,0.0,0.0
818,659.6830730460368,entropy,13,0.5,0.0,0.0
819,53.24297574577992,entropy,21,0.5,0.0,0.0
820,0.16291849488159757,gini,10,0.5,0.0,0.0
821,82.4429598154988,entropy,36,0.5,0.0,0.0
822,0.002446259192894188,entropy,17,0.8235107528079286,0.01060147694195861,0.004741124620823209
823,5.097093584479766,entropy,28,0.5,0.0,0.0
824,0.00457652054256243,entropy,5,0.8111588258455233,0.01620830798196427,0.0072485756895849076
825,0.05589104947327911,entropy,27,0.7247867913353844,0.013577451431626314,0.006072020872463655
826,126.40396354654507,gini,30,0.5,0.0,0.0
827,0.09433169059094179,gini,4,0.5,0.0,0.0
828,180.30688395503674,gini,35,0.5,0.0,0.0
829,1.573677142618931,gini,32,0.5,0.0,0.0
830,0.01138211550750646,gini,24,0.7799645143580417,0.01618661908150109,0.007238876118426329
831,0.00664505765878573,entropy,27,0.8067783996509416,0.013396871555139815,0.00599126309662519
832,0.00010558893508345131,gini,24,0.75953499821802,0.01701789944057871,0.007610635996677927
833,1.0108490179906524,entropy,9,0.5,0.0,0.0
834,74.12880092248986,entropy,26,0.5,0.0,0.0
835,0.0037413583425080386,gini,33,0.7957942176714763,0.01382353105122571,0.0061820710239239626
836,0.22630890235141027,gini,12,0.5,0.0,0.0
837,771.3873280324088,entropy,17,0.5,0.0,0.0
838,0.0567167674492392,gini,33,0.7247867913353844,0.013577451431626314,0.006072020872463655
839,370.7898411412136,gini,27,0.5,0.0,0.0
840,61.11319706264286,gini,24,0.5,0.0,0.0
841,0.28992660331605885,entropy,38,0.5,0.0,0.0
842,2.8025227259657104,entropy,24,0.5,0.0,0.0
843,0.0002877940085893385,entropy,33,0.7672452047049514,0.010086995865751383,0.004511041688915887
844,0.41212431867167015,gini,32,0.5,0.0,0.0
845,20.87060577678699,gini,6,0.5,0.0,0.0
846,0.004097945158653155,entropy,7,0.8146554259980399,0.016796402179430188,0.007511579410126304
847,0.00022930150802225947,entropy,30,0.762090427950356,0.009801030860247403,0.004383154250617287
848,0.00016062322462162087,entropy,38,0.7775779141269084,0.012223166403754449,0.0054663661958173175
849,0.0013249826396354951,gini,17,0.8168603903846456,0.010620756019998987,0.00474974648663157
850,0.004617096874691433,entropy,18,0.8111588258455233,0.01620830798196427,0.0072485756895849076
851,43.43219832772539,entropy,23,0.5,0.0,0.0
852,0.16360696171761754,entropy,4,0.5,0.0,0.0
853,0.5609299668867357,gini,23,0.5,0.0,0.0
854,0.015549176976457777,gini,31,0.7755236957478813,0.015931090618578888,0.007124600315770314
855,0.012353735430493533,gini,6,0.7771308386050241,0.01579886427695135,0.007065466898111256
856,0.7488562283608866,gini,23,0.5,0.0,0.0
857,16.61587026708349,entropy,9,0.5,0.0,0.0
858,0.0018400565213841874,entropy,22,0.8226224963836287,0.007976111701045788,0.0035670255919339725
859,0.11029254278617896,entropy,22,0.7247867913353844,0.013577451431626314,0.006072020872463655
860,3.225586301299335,entropy,22,0.5,0.0,0.0
861,525.6021872584231,entropy,16,0.5,0.0,0.0
862,0.007688220105050371,entropy,4,0.8068912147076244,0.013283058645351993,0.005940364416024665
863,0.056240386773751025,gini,10,0.7247867913353844,0.013577451431626314,0.006072020872463655
864,0.9663091054468141,entropy,9,0.5,0.0,0.0
865,0.0009846522680539169,entropy,24,0.7892089630317769,0.0142122145233674,0.006355895557011856
866,1.9102086265112759,gini,40,0.5,0.0,0.0
867,662.5226460750702,entropy,15,0.5,0.0,0.0
868,0.008202416329409018,gini,15,0.790149547101924,0.015625115452577505,0.0069877640616491385
869,0.2312442327606019,entropy,26,0.5,0.0,0.0
870,0.0006659902229614562,entropy,16,0.7372254325887453,0.009223426952665358,0.004124841930332695
871,0.42307928436350123,gini,18,0.5,0.0,0.0
872,632.4678127082145,entropy,8,0.5,0.0,0.0
873,0.6260857488313143,gini,30,0.5,0.0,0.0
874,0.0031225554985794966,gini,40,0.7973985991147752,0.01511487013663087,0.006759575419317632
875,0.014972719211227059,entropy,6,0.7831811192668725,0.013298482503171925,0.005947262174936797
876,2.4257837224277954,gini,5,0.5,0.0,0.0
877,99.80770390715887,entropy,21,0.5,0.0,0.0
878,0.14930138652157338,entropy,13,0.5,0.0,0.0
879,0.2696751025386657,gini,32,0.5,0.0,0.0
880,46.29000662829222,entropy,38,0.5,0.0,0.0
881,0.0005458282647018362,entropy,18,0.7339304827986519,0.00653549814327509,0.0029227636230373523
882,455.7422181756291,gini,4,0.5,0.0,0.0
883,0.17920718992528648,gini,12,0.5,0.0,0.0
884,0.020967613752913877,gini,10,0.7322156169581602,0.021887334535446168,0.009788313573507281
885,28.1717783738836,gini,4,0.5,0.0,0.0
886,0.006241778700169527,gini,33,0.7957942176714763,0.01382353105122571,0.0061820710239239626
887,0.0010593912925750395,entropy,7,0.781963060603043,0.01787624456696952,0.007994499606831027
888,0.006409907767001064,entropy,8,0.8067783996509416,0.013396871555139815,0.00599126309662519
889,5.101713764479178,gini,10,0.5,0.0,0.0
890,0.0005066124536603657,entropy,34,0.7701706786330117,0.01242712886023995,0.005557580979329202
891,0.14426584011377463,gini,21,0.5,0.0,0.0
892,0.004455692899564291,entropy,26,0.8111588258455233,0.01620830798196427,0.0072485756895849076
893,0.6603089143118638,entropy,39,0.5,0.0,0.0
894,0.0009288874439733222,entropy,23,0.7842067748651723,0.010570340846799463,0.004727200135757258
895,26.167598556425027,entropy,35,0.5,0.0,0.0
896,293.35126182579677,gini,31,0.5,0.0,0.0
897,0.017199448608965457,entropy,12,0.7799645143580417,0.01618661908150109,0.007238876118426329
898,0.030293535611880723,gini,21,0.7247867913353844,0.013577451431626314,0.006072020872463655
899,1.5367268513699892,entropy,27,0.5,0.0,0.0
900,14.85006556217345,gini,23,0.5,0.0,0.0
901,0.0002558089781820543,gini,29,0.7739345626811461,0.012019137525859513,0.0053751217077481015
902,5.289898833893085,entropy,22,0.5,0.0,0.0
903,50.08846379538908,entropy,25,0.5,0.0,0.0
904,35.28974042501618,gini,5,0.5,0.0,0.0
905,0.11754649225006267,entropy,28,0.7247867913353844,0.013577451431626314,0.006072020872463655
906,57.46362867766066,gini,24,0.5,0.0,0.0
907,0.6753622586197113,entropy,40,0.5,0.0,0.0
908,0.0020280358191880976,entropy,31,0.8239484712970192,0.007216573461146752,0.003227349764749015
909,0.010003635821750484,entropy,28,0.8066652390080662,0.01321560333569948,0.005910197484459402
910,1.4097811808386247,gini,32,0.5,0.0,0.0
911,0.7367559028117961,gini,23,0.5,0.0,0.0
912,41.22663655688781,gini,11,0.5,0.0,0.0
913,10.098442056841543,entropy,29,0.5,0.0,0.0
914,0.0031004236972112364,gini,4,0.7973985991147752,0.01511487013663087,0.006759575419317632
915,0.060492887466411134,gini,25,0.6760349503928217,0.09877098240698234,0.04417172617328966
916,27.95884753664526,gini,13,0.5,0.0,0.0
917,0.16100037703323805,entropy,37,0.5,0.0,0.0
918,0.003760207512333675,entropy,20,0.8158343973893993,0.015684702480839353,0.007014412190803277
919,362.7967340250019,gini,33,0.5,0.0,0.0
920,0.13916472357865572,gini,34,0.5,0.0,0.0
921,0.01449067088055513,gini,17,0.7755236957478813,0.015931090618578888,0.007124600315770314
922,0.37914723610651874,gini,38,0.5,0.0,0.0
923,0.012776988692587386,entropy,32,0.7922657105776236,0.016602936784718633,0.00742505905535253
924,0.007810634548275605,entropy,17,0.8068912147076244,0.013283058645351993,0.005940364416024665
925,4.272897931724276,entropy,17,0.5,0.0,0.0
926,36.866606198757786,gini,13,0.5,0.0,0.0
927,0.0727481839819625,gini,11,0.5,0.0,0.0
928,0.0013383853072309695,gini,37,0.817452440133334,0.010448522770020596,0.004672721435644091
929,0.2140758688023072,entropy,18,0.5,0.0,0.0
930,0.06474484501941934,entropy,34,0.7247867913353844,0.013577451431626314,0.006072020872463655
931,0.1121964444309924,gini,14,0.5,0.0,0.0
932,0.004776744059587744,gini,16,0.7957942176714763,0.01382353105122571,0.0061820710239239626
933,24.388303102887726,entropy,13,0.5,0.0,0.0
934,0.00260371397310545,gini,31,0.8020293869464725,0.01615501076886616,0.0072247404512851745
935,0.00018643423910592622,entropy,37,0.7740684404792478,0.013042082399334813,0.00583259656261324
936,7.957843954553914,entropy,20,0.5,0.0,0.0
937,15.75824971972598,gini,18,0.5,0.0,0.0
938,0.00469154073754981,entropy,23,0.8111588258455233,0.01620830798196427,0.0072485756895849076
939,0.0016362190393327297,entropy,27,0.819112898259425,0.012419685914674234,0.005554252392881647
940,1.1580277213647108,entropy,36,0.5,0.0,0.0
941,273.78713661673225,gini,12,0.5,0.0,0.0
942,0.0059962962395301725,entropy,29,0.8072818974418106,0.014429695933090353,0.006453156200208456
943,0.6026003413894286,gini,19,0.5,0.0,0.0
944,0.007090021275502439,entropy,9,0.8067783996509416,0.013396871555139815,0.00599126309662519
945,15.542986449021656,entropy,24,0.5,0.0,0.0
946,0.18606930446584335,gini,40,0.5,0.0,0.0
947,0.04494635142407072,entropy,29,0.7247867913353844,0.013577451431626314,0.006072020872463655
948,3.9172747272188224,gini,5,0.5,0.0,0.0
949,0.5247310760109776,entropy,15,0.5,0.0,0.0
950,0.0025588536991464654,entropy,11,0.8253270359121381,0.009444607204046208,0.0042237567458063095
951,0.08193806382446629,entropy,27,0.7247867913353844,0.013577451431626314,0.006072020872463655
952,495.9690264681227,entropy,16,0.5,0.0,0.0
953,40.545858319657675,entropy,15,0.5,0.0,0.0
954,0.3843795125826547,gini,10,0.5,0.0,0.0
955,4.199936853050816,entropy,40,0.5,0.0,0.0
956,0.0009922017096511897,gini,22,0.8184708154916954,0.014344399630816526,0.006415010534185727
957,0.07804653220783804,gini,32,0.5,0.0,0.0
958,183.53317867697857,gini,22,0.5,0.0,0.0
959,0.002074160667635641,gini,18,0.816299127288403,0.009473313918300703,0.004236594778703052
960,747.2214690702363,gini,34,0.5,0.0,0.0
961,86.4525073649044,gini,27,0.5,0.0,0.0
962,6.351798140121999,entropy,5,0.5,0.0,0.0
963,0.04124478642830421,gini,23,0.7247867913353844,0.013577451431626314,0.006072020872463655
964,0.0004411058937140948,gini,7,0.7648126038396428,0.022784431066812452,0.010189507338810138
965,0.011555444912822427,gini,35,0.7799645143580417,0.01618661908150109,0.007238876118426329
966,15.380672384011987,entropy,10,0.5,0.0,0.0
967,0.08940247717532994,entropy,31,0.7247867913353844,0.013577451431626314,0.006072020872463655
968,41.70635497834425,entropy,15,0.5,0.0,0.0
969,0.0032402262407490597,gini,40,0.7973985991147752,0.01511487013663087,0.006759575419317632
970,58.37446464218761,gini,31,0.5,0.0,0.0
971,104.90135147845122,gini,35,0.5,0.0,0.0
972,11.360047449505215,entropy,14,0.5,0.0,0.0
973,0.002679778802399571,gini,13,0.8005451270053825,0.013115199100449261,0.005865295345409728
974,0.0036327882721312334,gini,3,0.7968951013239063,0.014118071457999584,0.006313793498257327
975,0.0002818777392086735,entropy,23,0.7496470156421153,0.0101649445113407,0.004545901382974237
976,0.00022861747659837686,entropy,29,0.7617864988155075,0.007771873675973754,0.0034756875704036972
977,14.910335829212093,entropy,30,0.5,0.0,0.0
978,0.27581411295368513,gini,35,0.5,0.0,0.0
979,21.40811996992157,entropy,3,0.5,0.0,0.0
980,0.009532859728861604,entropy,14,0.8066652390080662,0.01321560333569948,0.005910197484459402
981,0.026113682024955065,gini,27,0.7247867913353844,0.013577451431626314,0.006072020872463655
982,183.19987533730122,gini,8,0.5,0.0,0.0
983,958.7023773140303,gini,37,0.5,0.0,0.0
984,0.0005155746995349811,gini,12,0.7822504622010598,0.021559060924445365,0.00964150515162386
985,28.49473641370228,entropy,27,0.5,0.0,0.0
986,0.7816998792772147,gini,21,0.5,0.0,0.0
987,0.0001076072470061715,gini,24,0.7595606796943379,0.016992837250617076,0.007599427844594082
988,2.069431317641195,entropy,19,0.5,0.0,0.0
989,0.009109558149914836,entropy,40,0.8066652390080662,0.01321560333569948,0.005910197484459402
990,0.028440777588274038,gini,31,0.7247867913353844,0.013577451431626314,0.006072020872463655
991,609.469828989622,gini,34,0.5,0.0,0.0
992,15.80321301368566,gini,8,0.5,0.0,0.0
993,0.00024079761580172188,entropy,18,0.7325052771502996,0.007235744351136736,0.0032359232473903694
994,5.845619994615754,gini,15,0.5,0.0,0.0
995,0.00012330185416859168,gini,16,0.725596979674946,0.022973730512541722,0.010274164624560874
996,159.71915155176936,entropy,3,0.5,0.0,0.0
997,1.5023724669160634,gini,32,0.5,0.0,0.0
998,2.6046487868076014,gini,19,0.5,0.0,0.0
999,0.00013035907574318985,gini,36,0.7817179155158046,0.021001722477191162,0.009392255820716943
