,n_neighbors,weights,p,auc (mean),auc (std),auc (se)
0,176,distance,5,0.8238054100781451,0.01208672332124702,0.005405346994308073
1,197,distance,2,0.8249097463168045,0.013294206382327785,0.005945349835559297
2,26,distance,4,0.8152644667948994,0.014460112018115671,0.006466758686953662
3,68,distance,4,0.8234575898589614,0.012811016581462156,0.00572926078740527
4,152,distance,5,0.8242199448110317,0.012869059260442807,0.005755218262564657
5,104,distance,2,0.8240952225902651,0.013009183032048425,0.0058178835182794205
6,93,distance,1,0.8243310646937353,0.015006894316669343,0.006711287164645581
7,186,uniform,2,0.8276414413859612,0.01592327247688291,0.007121103936512327
8,143,uniform,3,0.828398894255211,0.015242222439213169,0.00681652910045066
9,24,uniform,3,0.8263973638488672,0.01572788052488762,0.007033721999128758
10,73,uniform,1,0.8312979251070498,0.015902708313755613,0.007111907363181721
11,90,distance,5,0.823047744288492,0.013034937204369991,0.005829401134282474
12,111,distance,1,0.8250120906032002,0.015108425861389713,0.0067566934518166425
13,43,uniform,5,0.8275893741581454,0.01610782465180139,0.007203638178214958
14,137,uniform,1,0.8303438124020566,0.017724375181795426,0.007926581553040954
15,168,distance,4,0.8241644299105341,0.012058771290399081,0.0053928464660910405
16,69,uniform,3,0.8293410752283817,0.014500312634928831,0.006484736949339992
17,177,distance,4,0.8237642705805586,0.012231216739495714,0.00546996641540915
18,128,uniform,5,0.8280813807986416,0.014660019975920884,0.006556160243532785
19,136,uniform,5,0.8282536284912394,0.015029980012975683,0.00672161140189536
20,173,distance,1,0.8261827826665759,0.015144152423135578,0.006772670855949862
21,1,uniform,1,0.6456886435463498,0.024035038423109546,0.01074879595117846
22,76,uniform,1,0.8311212748756546,0.016088368179177002,0.007194936979136858
23,56,uniform,4,0.8288169487261463,0.013552974102128374,0.006061074277930644
24,7,distance,1,0.779038847818909,0.011197205699343647,0.005007542620356093
25,20,uniform,3,0.8226647725485983,0.015118528135802084,0.006761211326279326
26,189,distance,1,0.8260735266563242,0.015229215282066026,0.006810712122935653
27,45,uniform,2,0.8290248311049849,0.015788598650062248,0.00706087597020012
28,192,uniform,5,0.8258463012777846,0.015095346238128107,0.006750844066470034
29,70,distance,2,0.8237002650695233,0.01381824899859192,0.006179708818173985
30,57,distance,4,0.822397858806912,0.012319317186235607,0.005509366132960851
31,153,distance,4,0.8241302267045425,0.01286292135713837,0.005752473308759049
32,184,distance,1,0.8259587035964548,0.01512870494724637,0.00676576253471605
33,182,distance,4,0.8236461423408927,0.012228207022782886,0.005468620429176571
34,113,distance,1,0.8249180305583363,0.01503365561635312,0.006723255181697415
35,190,distance,2,0.8249044085660826,0.013163617673253037,0.005886948789442281
36,193,distance,1,0.8263565863159661,0.015486619238728136,0.006925826671890431
37,35,distance,1,0.8160529847509682,0.0148397737072993,0.00663654855604706
38,57,uniform,5,0.8285790871545448,0.013398166930569583,0.005991842406128658
39,39,distance,5,0.8194305656738242,0.0154257329674288,0.006898597503586069
40,5,uniform,5,0.7756118857410155,0.017031692070581323,0.007616804248332797
41,138,uniform,3,0.828344738769595,0.015231816445467943,0.006811875398573107
42,88,distance,2,0.8237119806052442,0.013443809057229238,0.006012254185698387
43,196,uniform,4,0.8259125719343391,0.015389974783203189,0.006882605957449983
44,73,distance,1,0.8237646554751334,0.014761932169194029,0.006601736761911755
45,84,distance,5,0.8233388179445387,0.013108131997007375,0.0058621348406697115
46,177,uniform,1,0.8302002319849684,0.017771338313417793,0.007947584103989729
47,2,uniform,5,0.6988576329016398,0.01132740487615793,0.005065769462350343
48,193,uniform,4,0.8259978269016086,0.015497918274389844,0.0069308797542543855
49,145,uniform,2,0.8286621539552094,0.01585592470254518,0.0070909850962018305
50,119,uniform,4,0.828350654681104,0.01450816011487769,0.006488246449063534
51,160,distance,4,0.8240905629091347,0.012390370842145094,0.005541142293893549
52,94,distance,4,0.8228439679977357,0.013106212077020665,0.005861276226349383
53,173,uniform,2,0.8281369694023553,0.015862639635300282,0.007093988105422781
54,93,distance,4,0.8229420063784401,0.01312458043086237,0.005869490803914347
55,72,distance,4,0.8237099955319472,0.012758458266460434,0.005705755994379931
56,24,distance,5,0.8143987635548404,0.014233802238015722,0.006365549876498359
57,11,distance,4,0.7973891110540412,0.012171090645664705,0.005443077208803617
58,36,uniform,2,0.8276106743877063,0.015219748715124692,0.006806478545496778
59,193,distance,4,0.823696222857562,0.012688503563059316,0.005674471299949784
60,62,uniform,2,0.8301862594929743,0.013937759021394018,0.006233155325169593
61,136,uniform,2,0.8294973227716079,0.016047697961838983,0.0071767487050113585
62,152,uniform,2,0.8283054664201593,0.016370371583483326,0.007321052735519917
63,93,uniform,3,0.8280199696408262,0.01576971951650109,0.0070524329650003105
64,150,distance,4,0.8242455787897212,0.012958754779531421,0.0057953313181565115
65,101,uniform,3,0.8288762732640107,0.015403878472031791,0.006888823876121736
66,164,uniform,3,0.8271362238533744,0.014629495044483527,0.006542509079192295
67,68,uniform,4,0.8292657751088843,0.01415848762448671,0.006331868157388359
68,124,distance,4,0.824550292454363,0.012854757788346377,0.005748822449807471
69,20,distance,3,0.8106963922111751,0.014487060679254891,0.006478810494595643
70,156,distance,1,0.8261273169015562,0.015156089379986875,0.006778009225342658
71,5,uniform,5,0.7756118857410155,0.017031692070581323,0.007616804248332797
72,20,distance,4,0.8105899582151899,0.014835995819028275,0.006634859033049978
73,34,uniform,2,0.8270021511512115,0.015980930338099386,0.0071468893159357845
74,124,uniform,2,0.8293264328560422,0.01577117205410835,0.007053082559566252
75,31,uniform,5,0.8277849890460642,0.015544678033399602,0.006951791354205851
76,186,distance,4,0.8236631628703506,0.012209354959807303,0.0054601895303106685
77,74,distance,5,0.8238171288895643,0.013180103065976258,0.005894321281195262
78,128,distance,5,0.8243822016231741,0.01243893550122029,0.005562861069692796
79,160,uniform,5,0.8271314806419321,0.014806327213911558,0.0066215908294822625
80,131,distance,4,0.8246442345740806,0.01300741549723328,0.005817093052679568
81,84,uniform,4,0.8283114658619803,0.01533194749347478,0.006856655364573424
82,179,distance,1,0.8259950261793826,0.015261518284605983,0.006825158464846992
83,147,distance,5,0.8243947704783569,0.012805129163254117,0.005726627853940241
84,22,uniform,4,0.8241727698389404,0.015339103377851902,0.0068598555733546986
85,120,distance,1,0.8249147728761681,0.015370462251559643,0.006873879688016366
86,68,distance,3,0.8233895388602666,0.013004403346487572,0.0058157459779143925
87,187,distance,3,0.8240852955859307,0.012375101072481935,0.005534313445300031
88,48,distance,4,0.8208904265745629,0.014250728101934864,0.006373119352958582
89,17,distance,3,0.8082279928747006,0.015098289782584201,0.006752160459569758
90,13,uniform,4,0.81558070272905,0.013851232446736859,0.00619445946461087
91,94,distance,5,0.8228188368387676,0.012826034833984331,0.005735977154113839
92,108,uniform,5,0.8286105829957181,0.013942007520767666,0.006235055311849962
93,138,uniform,1,0.8304045258360893,0.01773600651781322,0.00793178324464194
94,77,uniform,5,0.8292419034559929,0.015297197465948648,0.00684111467981974
95,68,distance,4,0.8234575898589614,0.012811016581462156,0.00572926078740527
96,111,distance,2,0.8241837810994816,0.0133937824844408,0.00598988162221113
97,143,distance,3,0.8249033865481475,0.013226008394078174,0.005914850768028324
98,125,distance,5,0.8244261139995492,0.012562217726283659,0.005617994556824621
99,21,distance,5,0.8118894867766603,0.014713869550906209,0.006580242505578117
100,54,distance,2,0.8226108316212348,0.012854696524929666,0.0057487950519746105
101,144,uniform,2,0.8287601775952703,0.01596605906858786,0.007140238682027886
102,60,distance,3,0.8223409992321763,0.012627616141405576,0.005647241617191293
103,36,distance,1,0.81628627344745,0.015164566004821944,0.006781800087212853
104,49,uniform,5,0.8280134968605706,0.015377046764825122,0.006876824371868439
105,5,uniform,3,0.7759101299011002,0.016317744722583103,0.007297517287836853
106,44,distance,5,0.8198489526281584,0.014990560903808887,0.0067039826403534715
107,55,uniform,1,0.8310460943191526,0.014919008137371225,0.006671983270406916
108,44,distance,3,0.8206159426936199,0.014660091731807129,0.006556192333740671
109,179,uniform,4,0.8261381152416941,0.014963164329045913,0.006691730519649338
110,40,uniform,3,0.8274685713106462,0.01659480987053093,0.007421424588838329
111,132,uniform,5,0.8281370938788987,0.015164700866074403,0.00678186039899846
112,158,uniform,2,0.828516285462712,0.015722718813124575,0.007031413611452272
113,141,distance,3,0.8249183171819559,0.01321497685235882,0.005909917312592105
114,80,uniform,2,0.8296153330861273,0.015227368801154204,0.006809886351568055
115,30,uniform,2,0.8272047580175996,0.01653215802612882,0.007393405832238556
116,137,distance,5,0.8246976022542049,0.012959613079617533,0.00579571516162404
117,55,distance,2,0.822916349469861,0.012763126436964674,0.005707843663695539
118,167,uniform,1,0.8306656825376443,0.01744374512453295,0.007801079976127241
119,118,distance,5,0.8238671291516203,0.01252534020747724,0.0056015024290460855
120,199,uniform,2,0.8275240092322287,0.01612659989692143,0.007212034723091484
121,150,distance,5,0.8241580046279069,0.012783601235622393,0.005717000272020396
122,45,uniform,4,0.8278748643860816,0.015425564422091516,0.006898522127819777
123,136,distance,5,0.8247688093884141,0.012950621930336222,0.005791694197426267
124,198,distance,2,0.8248260718740663,0.013249517805370379,0.005925364496380398
125,101,distance,4,0.8236595956346731,0.012719264927250546,0.0056882282002322275
126,181,distance,1,0.8260423485579065,0.015151175914104998,0.006775811856599257
127,170,uniform,2,0.8284553312648388,0.01567522541602405,0.007010173918572439
128,30,distance,4,0.8170870195860566,0.015464007445596619,0.006915714370583383
129,27,uniform,5,0.8271819542424227,0.015467350444026163,0.006917209404930811
130,65,uniform,1,0.8309185615490648,0.015846536455213972,0.007086786544357398
131,191,uniform,4,0.82622111325269,0.015336910530613488,0.006858874902256825
132,13,uniform,2,0.8155969960534385,0.013981168780103302,0.006252568759441758
133,135,uniform,5,0.8280895225472878,0.015029441429419522,0.006721370540006731
134,163,distance,5,0.8242216170551208,0.012416871129683043,0.005552993582765178
135,188,uniform,5,0.825714043312596,0.015177323525199736,0.00678750542377067
136,107,uniform,3,0.8291545864365117,0.014935216681056919,0.006679231951506413
137,111,distance,2,0.8241837810994816,0.0133937824844408,0.00598988162221113
138,117,distance,4,0.823802724005367,0.012656504386701267,0.005660160833237664
139,94,uniform,4,0.8276961357239816,0.015576309001585178,0.006965937153217267
140,18,uniform,3,0.8222050249870282,0.015762689371538362,0.007049288988594643
141,6,distance,5,0.7697694858201561,0.014156467893627508,0.0063309649062888735
142,80,uniform,1,0.8310695679746749,0.01655748899266863,0.007404734184862314
143,50,uniform,4,0.8285256932688325,0.014485316919041799,0.006478030661321056
144,183,uniform,1,0.82969789870492,0.017914165159388814,0.008011458211310349
145,77,distance,2,0.8241587432979209,0.013912191324170493,0.006221721103365607
146,106,uniform,1,0.8314727442229781,0.016928226458882673,0.0075705330201144404
147,183,distance,5,0.8234653827457168,0.012292337391115498,0.005497300401779335
148,176,distance,4,0.8238441845214073,0.01202910162399295,0.00537957778790027
149,166,uniform,2,0.8284548906833894,0.01572593822158688,0.007032853374686082
150,88,distance,3,0.8233123568519751,0.013144971810923275,0.005878610106308591
151,150,distance,1,0.8260151782766156,0.015305142572679073,0.006844667839567284
152,5,uniform,3,0.7759101299011002,0.016317744722583103,0.007297517287836853
153,77,distance,1,0.8236796969585795,0.014875907314040215,0.006652707996236046
154,76,distance,3,0.8240684339278508,0.013464220162432964,0.0060213823094446735
155,7,distance,2,0.7772472143459871,0.015361623949161875,0.006869927079022945
156,121,distance,2,0.8248624337653763,0.013646400978098053,0.006102856047049373
157,86,distance,4,0.8232183115477545,0.013248613647332218,0.005924960144613253
158,159,uniform,2,0.8283798870146069,0.015716075705375896,0.007028442723350692
159,108,uniform,1,0.8316016904569731,0.017012823480633866,0.00760836595838038
160,57,distance,1,0.822181263070037,0.014463176620145488,0.006468129218646193
161,52,uniform,2,0.8298893993155101,0.014103487268639449,0.006307271250496129
162,184,distance,2,0.8248667052762331,0.013199227089591013,0.005902873804556442
163,122,distance,2,0.8249250421909968,0.013572583216333707,0.00606984374039898
164,141,uniform,4,0.8282637176426502,0.015164564256218737,0.0067817993052137265
165,77,distance,3,0.8238353253947872,0.01367958358363733,0.00611769575938065
166,110,uniform,1,0.8314135359724109,0.01715497660480063,0.00767193876815055
167,165,uniform,3,0.8272419191793459,0.01461351178532958,0.006535361148398251
168,200,uniform,3,0.8263880952599332,0.015594023838973969,0.006973859469339605
169,86,distance,5,0.8233158798657225,0.013087738803965274,0.005853014727485629
170,187,distance,3,0.8240852955859307,0.012375101072481935,0.005534313445300031
171,42,distance,4,0.819743044381784,0.015236449423102849,0.006813947329159084
172,144,distance,5,0.8247484902305569,0.012938116718547938,0.00578610169669994
173,44,distance,1,0.8200766316909419,0.01524023752894363,0.006815641421592275
174,60,uniform,2,0.8303785626496994,0.013454577690257938,0.006017070064793771
175,83,uniform,5,0.8283472692466942,0.015521663763414139,0.006941499059777845
176,64,distance,2,0.8235938359870859,0.013321723252628571,0.005957655754063418
177,157,uniform,5,0.8272941207108001,0.01496493150194819,0.0066925208233968355
178,145,uniform,4,0.8277340502963852,0.014875683792836452,0.006652608034514841
179,134,uniform,3,0.8282952478786576,0.015588613548345594,0.00697143991381499
180,36,distance,5,0.8187912426820894,0.015411973008538048,0.006892443862896604
181,78,uniform,2,0.8299151626842909,0.015285026075011728,0.006835671468316604
182,33,distance,1,0.8153658660422749,0.01555105876113201,0.006954644902396967
183,118,distance,3,0.8242550996074403,0.012823438491066406,0.005734816034262362
184,162,distance,5,0.8241058833510657,0.01238607366000458,0.005539220535617971
185,46,uniform,1,0.8303160492193354,0.015784547780659696,0.007059064366329704
186,169,distance,1,0.8260575461611432,0.015038135218330057,0.006725258520603929
187,117,distance,5,0.8236872048595643,0.012664724298661162,0.005663836889619941
188,143,uniform,2,0.8290540618006383,0.015693164931835816,0.0070181967139401474
189,46,uniform,1,0.8303160492193354,0.015784547780659696,0.007059064366329704
190,106,uniform,3,0.8291968904449185,0.014854722710743971,0.0066432339536266925
191,43,distance,1,0.8197528894936557,0.015001176500341794,0.006708730079447329
192,97,uniform,4,0.8279452198386783,0.015293981062383534,0.0068396762604168064
193,35,uniform,1,0.8263333829055709,0.01582790928829039,0.007078456222063525
194,96,distance,2,0.823944171942725,0.013299748494364579,0.0059478283434099355
195,113,uniform,4,0.828490243659558,0.014424682772416542,0.006450914246598703
196,184,distance,3,0.8241405566197937,0.01254130740647641,0.005608643177520568
197,147,uniform,1,0.8307153175593163,0.01781520769087863,0.007967203086016336
198,10,distance,1,0.7936053762729364,0.013764030945227107,0.006155461767587698
199,14,uniform,5,0.8185342543068884,0.013019267254540173,0.005822393319677777
200,86,uniform,5,0.828374619691403,0.01518014530743401,0.006788767363149377
201,172,distance,4,0.8240553425987557,0.011988748790746252,0.005361531452255404
202,2,uniform,2,0.6996416991834339,0.010083150070866317,0.004509321797157781
203,32,distance,3,0.81679405585197,0.015388479200712265,0.00688193711262685
204,143,distance,5,0.8247446052521241,0.013000658539493877,0.0058140712493142885
205,49,uniform,1,0.8304248630102882,0.015386543258592294,0.006881071332990698
206,154,uniform,5,0.827097357690554,0.015181991074117593,0.006789592815104397
207,162,distance,3,0.8243189380578514,0.012409368075837328,0.005549638115077606
208,83,uniform,3,0.8286298457408059,0.015620793116644462,0.006985831054255563
209,65,distance,1,0.8231490354378168,0.014972221926509547,0.006695781200377641
210,59,distance,4,0.8226178203240059,0.012642687003045184,0.005653981511412424
211,11,uniform,2,0.8105269321380092,0.013652019671487308,0.006105368803121993
212,181,uniform,1,0.829808134149026,0.017813529365085908,0.007966452515904152
213,28,distance,4,0.8156887549200992,0.015343328540042271,0.006861745123329424
214,157,uniform,2,0.828456937994958,0.01594041064689219,0.007128768359142467
215,9,distance,3,0.7891956063711026,0.012550650616537632,0.005612821588085558
216,101,distance,1,0.8245182119010058,0.014984753780368428,0.006701385615800151
217,173,uniform,2,0.8281369694023553,0.015862639635300282,0.007093988105422781
218,180,distance,4,0.8237003960974638,0.012237551852044065,0.005472799563869795
219,55,distance,4,0.8223877450877625,0.012683408011747287,0.005672192500126477
220,43,distance,5,0.8200311682713222,0.014853977515754409,0.006642900692296062
221,93,distance,4,0.8229420063784401,0.01312458043086237,0.005869490803914347
222,8,distance,2,0.784446333248602,0.015518870403583768,0.00694024983128458
223,144,distance,5,0.8247484902305569,0.012938116718547938,0.00578610169669994
224,129,distance,4,0.8245178876068533,0.012956630559337115,0.005794381338005782
225,177,uniform,5,0.8261012865633468,0.01467198798147887,0.0065615124983293355
226,193,uniform,1,0.830121346613452,0.01815945662910727,0.008121155891428608
227,45,distance,2,0.820877728329289,0.014755173113264582,0.006598714020207361
228,10,uniform,3,0.8084027808714931,0.013943522330523529,0.00623573275536738
229,47,uniform,3,0.8284180194209613,0.01503222014708595,0.006722613220325214
230,185,distance,1,0.8260249054633408,0.015102187720824951,0.0067539036705454416
231,177,distance,5,0.8237751458996116,0.012139486599324989,0.005428943449607686
232,128,distance,4,0.8243588950282759,0.012917033360633318,0.0057766729324017305
233,172,distance,2,0.8251532322627477,0.013322173937540432,0.005957857306483289
234,6,distance,1,0.7719497923862285,0.012754052583461694,0.005703785713045431
235,150,uniform,5,0.8270836931142197,0.014966564071377928,0.006693250930641412
236,145,distance,2,0.8252013424467635,0.013706821811855356,0.0061298770653570814
237,12,uniform,1,0.8137847715396831,0.014686936080922686,0.006568197491627495
238,107,distance,3,0.8242158534635926,0.012923280655431052,0.005779466807570374
239,161,distance,5,0.8241239258984585,0.01239664615799042,0.005543948700455635
240,41,distance,5,0.8198420540070964,0.015204447902752096,0.00679963581418156
241,37,uniform,5,0.8277906854857731,0.01605463232699407,0.007179849847384874
242,70,distance,5,0.8236331705747935,0.012453925223589981,0.005569564677329292
243,157,distance,4,0.824100077175457,0.012547173457307294,0.005611266555204033
244,108,uniform,2,0.8293432371893983,0.015114108139546506,0.006759234643861772
245,94,distance,3,0.8231771392931829,0.013237701304031532,0.005920079996330423
246,50,distance,1,0.8209998955052177,0.014724006095356141,0.006584775706067516
247,62,distance,3,0.8230104914071876,0.0127527941400099,0.005703222920024622
248,111,uniform,2,0.8291650784988391,0.01524079578210672,0.006815891079996539
249,181,distance,3,0.8240763005178223,0.012509457985613256,0.005594399683501765
250,136,uniform,1,0.8303235260011845,0.017720783821767155,0.007924975448009975
251,93,uniform,3,0.8280199696408262,0.01576971951650109,0.0070524329650003105
252,59,uniform,5,0.828799558042757,0.013714046512136542,0.00613310804954624
253,179,uniform,3,0.8265453386155063,0.014965101547346284,0.006692596870010716
254,177,distance,5,0.8237751458996116,0.012139486599324989,0.005428943449607686
255,79,uniform,1,0.8310113211416204,0.016609450358682554,0.00742797201418449
256,48,uniform,4,0.8280311250321019,0.015369296732408982,0.0068733584520063755
257,127,uniform,4,0.8280975021488584,0.014920761881873952,0.006672767568791568
258,191,uniform,1,0.830111609599631,0.018131747841309154,0.008108764144810467
259,106,uniform,5,0.8284548726670475,0.014278335701259562,0.006385465846715702
260,78,uniform,1,0.8309835497696529,0.016370141790076016,0.007320949968784012
261,25,distance,2,0.8142548670328461,0.015301744376654419,0.006843148120104885
262,68,distance,5,0.8233973743311024,0.01303015729765811,0.005827263495015699
263,136,distance,3,0.8246756616255849,0.01335797479220457,0.005973867935419609
264,50,distance,2,0.8218720453199442,0.01437019160975291,0.006426545057820927
265,161,uniform,2,0.8282382621895292,0.015774806200642436,0.007054707799304334
266,34,uniform,4,0.827651275032888,0.015815400378732174,0.0070728620676442115
267,76,uniform,5,0.8296229261552733,0.014931081461760934,0.006677382625216875
268,92,uniform,1,0.8312648765847829,0.01688332657534412,0.0075504531817596355
269,69,distance,4,0.8234363584190693,0.012751189942171798,0.0057025055009415505
270,96,uniform,5,0.8278685799584903,0.015163517267559741,0.006781331077651089
271,126,uniform,1,0.8307964729899003,0.018147537531327185,0.00811582550885526
272,62,uniform,5,0.8294193185629902,0.014004383897059366,0.006262950875365632
273,95,distance,2,0.8237971913505836,0.013249540788166246,0.005925374774599174
274,79,uniform,3,0.8289478358115085,0.015167752604128684,0.006783225177746239
275,109,distance,4,0.82388682756461,0.012036699446099936,0.005382975637242705
276,172,distance,4,0.8240553425987557,0.011988748790746252,0.005361531452255404
277,77,distance,5,0.8240440741958815,0.013650164535655325,0.006104539161156431
278,145,distance,1,0.8256972815633205,0.015336280230518475,0.00685859302348509
279,114,distance,4,0.8240012771948491,0.012557427700283088,0.005615852392074368
280,123,distance,4,0.8245411630826158,0.012807369807499558,0.005727629900509481
281,155,distance,3,0.8246440216536775,0.012796950833734791,0.00572297039379072
282,125,distance,4,0.8243917699385216,0.012724852423363098,0.005690727004458564
283,98,distance,2,0.8240983508823423,0.013166842088367959,0.00588839079171921
284,9,distance,2,0.7901777443146977,0.01390554663399654,0.0062187495075819305
285,181,uniform,1,0.829808134149026,0.017813529365085908,0.007966452515904152
286,95,distance,5,0.8228184142736599,0.012813627126539884,0.005730428258655696
287,98,distance,3,0.8234230197747369,0.012976967893645195,0.0058034764704045835
288,151,uniform,3,0.8274198469331602,0.015186157222683136,0.006791455973383781
289,185,uniform,4,0.8261395385326967,0.014991870742175308,0.006704568417878842
290,182,distance,4,0.8236461423408927,0.012228207022782886,0.005468620429176571
291,35,distance,2,0.8178328257092542,0.014843244457295032,0.006638100722631733
292,13,uniform,3,0.8165455335195677,0.014295029096616953,0.006392931360074583
293,5,uniform,1,0.7779503069984643,0.012171744095618305,0.005443369440506845
294,45,uniform,1,0.8303431572623546,0.016201152430947937,0.00724537562988711
295,56,uniform,1,0.8310215642508607,0.014999588682680311,0.006708019985801939
296,21,uniform,5,0.8238885948039559,0.015602625844567017,0.006977706403189383
297,44,distance,2,0.8206090047641759,0.014638334469871192,0.006546462190402066
298,178,distance,3,0.8240252307402031,0.012424021074477144,0.005556191135284174
299,19,distance,4,0.8106350498430286,0.013834674872740397,0.006187054692411156
300,185,distance,5,0.8234656415258991,0.01239933153722403,0.005545149638557979
301,150,uniform,1,0.8308855195781948,0.017749678702846532,0.007937897631669027
302,179,distance,3,0.8241052265735146,0.012420940103362914,0.005554813283114548
303,122,distance,2,0.8249250421909968,0.013572583216333707,0.00606984374039898
304,151,distance,4,0.8241154205472775,0.012898241090873874,0.005768268773875005
305,19,distance,2,0.811015720404719,0.015449079266894048,0.006909038286111541
306,198,uniform,1,0.8299909803641528,0.01813249040954228,0.008109096231419907
307,104,distance,2,0.8240952225902651,0.013009183032048425,0.0058178835182794205
308,6,uniform,4,0.7844586908212307,0.015680592766297546,0.007012574270586557
309,134,distance,4,0.8246394324000651,0.013217130731323436,0.005910880556548142
310,71,distance,4,0.8238082910549845,0.012646537405071028,0.005655703463546522
311,158,distance,3,0.8244455847514924,0.012617537926353353,0.0056427345024015665
312,145,uniform,5,0.8278054179398214,0.014830904948725215,0.006632582326637522
313,171,uniform,3,0.8271154755790124,0.014936748516529126,0.006679917009155653
314,175,distance,1,0.8261392682875697,0.015142926887580817,0.006772122779788004
315,69,uniform,3,0.8293410752283817,0.014500312634928831,0.006484736949339992
316,103,distance,5,0.8237057191075424,0.012199773454150709,0.00545590455071568
317,195,uniform,2,0.8277269665983574,0.016064262310415457,0.007184156506895357
318,141,uniform,1,0.8305796479541299,0.017895338586512176,0.008003038711963244
319,55,uniform,3,0.8292321484258303,0.013565806929347245,0.006066813292731625
320,89,uniform,1,0.8312194754034351,0.016627100521915985,0.007435865407145275
321,92,uniform,3,0.827926864462078,0.015796621175070878,0.007064463752454218
322,184,uniform,3,0.8266739146955697,0.015149087405008503,0.00677487784693698
323,17,distance,5,0.8082995947305804,0.01498444392658308,0.006701247044974727
324,125,distance,4,0.8243917699385216,0.012724852423363098,0.005690727004458564
325,134,distance,2,0.8255507186227391,0.013965442258211494,0.006245535645041813
326,105,distance,5,0.8238909172741996,0.012188359050922979,0.00545079987440772
327,94,uniform,5,0.8277573355992432,0.015114250561993043,0.006759298337116169
328,74,distance,2,0.8243349922562488,0.01385614518074568,0.00619665650605069
329,173,distance,2,0.8252330381055456,0.013420497126544088,0.006001828773358635
330,184,distance,2,0.8248667052762331,0.013199227089591013,0.005902873804556442
331,40,uniform,5,0.8278190366563767,0.01641547852133082,0.007341225171376689
332,199,uniform,1,0.829923116080273,0.018145295821172365,0.008114822985596855
333,191,distance,5,0.8234447081745712,0.012312675033428996,0.005506395671922346
334,131,uniform,3,0.8285714515013181,0.015458814505709191,0.006913392017265112
335,38,distance,5,0.8190426951268088,0.01552865946630418,0.0069446276332203495
336,87,uniform,4,0.8282258522057242,0.01520371876075372,0.006799309731966836
337,47,uniform,4,0.8280458017992757,0.015542119483356247,0.006950647135841695
338,10,uniform,3,0.8084027808714931,0.013943522330523529,0.00623573275536738
339,164,distance,5,0.824193829304661,0.012200430359168233,0.005456198327570469
340,16,distance,4,0.8066216984234718,0.014194633835743344,0.00634803323448814
341,149,uniform,3,0.8275920323874862,0.01515939256447399,0.006779486454353741
342,161,uniform,5,0.8270434495201757,0.014697482017605106,0.0065729137778891555
343,100,distance,2,0.8241226762194771,0.013287565572460889,0.005942379975101691
344,150,uniform,1,0.8308855195781948,0.017749678702846532,0.007937897631669027
345,199,distance,4,0.8237214539253349,0.012430354890371892,0.005559023703863699
346,129,uniform,3,0.8284437451192093,0.01535496472200712,0.006866948982103816
347,34,uniform,3,0.8271541517513196,0.016041242477656502,0.007173861724719417
348,22,distance,1,0.8105152755648615,0.015354521510446114,0.006866750771868051
349,67,uniform,2,0.8302354588467444,0.015170171912955225,0.006784307125545181
350,12,distance,4,0.7995657537513299,0.011888811549685565,0.0053168381593563085
351,48,uniform,3,0.8285757180986273,0.014978981988861686,0.006698804392167945
352,140,uniform,3,0.8285945844841954,0.015488127125803478,0.006926501019491002
353,37,distance,3,0.8190372984135138,0.015406411082465547,0.006889956493939816
354,172,distance,5,0.8239245701628415,0.011949064964418731,0.005343784305600278
355,200,distance,4,0.823679135176285,0.012583680922586713,0.005627593190014232
356,54,distance,5,0.8219953835580901,0.012889919662485731,0.005764547317965848
357,8,distance,1,0.784723843874968,0.012550488798761644,0.005612749220976143
358,150,distance,3,0.8244652094612654,0.012972625662438507,0.005801534565574148
359,127,uniform,3,0.8284552084261447,0.015249116447878117,0.006819612194853119
360,20,distance,1,0.8102087537146421,0.015582136999508575,0.006968543513123156
361,87,distance,3,0.8233482650590412,0.013122376462685905,0.005868505159381783
362,46,distance,1,0.8206933654657519,0.014835071914127518,0.0066344458502174105
363,179,distance,3,0.8241052265735146,0.012420940103362914,0.005554813283114548
364,127,distance,1,0.8251572384420254,0.015867765351198656,0.007096280395259204
365,82,distance,5,0.823324450730874,0.013675625966519545,0.006115925859199793
366,34,distance,1,0.8157214791482135,0.014968967045094289,0.006694325573156998
367,9,distance,5,0.7885747337512251,0.01216008781327292,0.005438156592569003
368,117,distance,2,0.8245164905214388,0.013394979697174717,0.0059904170320224425
369,19,distance,5,0.8109801774380369,0.013521340021267349,0.006046927086888448
370,188,uniform,5,0.825714043312596,0.015177323525199736,0.00678750542377067
371,82,uniform,2,0.8294094472455307,0.015167701757645756,0.0067832024385077894
372,104,uniform,1,0.8314506922206091,0.017020613151596045,0.007611849605139138
373,129,uniform,2,0.8290677689610533,0.01576151627749195,0.007048764364988287
374,73,uniform,1,0.8312979251070498,0.015902708313755613,0.007111907363181721
375,142,uniform,3,0.828389271890838,0.015354366534277497,0.006866681464418468
376,153,uniform,3,0.8276172732823547,0.015020217883131586,0.006717245644708043
377,13,uniform,1,0.8165594699788784,0.01610016401793845,0.007200212238601303
378,178,distance,3,0.8240252307402031,0.012424021074477144,0.005556191135284174
379,196,uniform,5,0.8257271510201836,0.015159587500319835,0.006779573632314253
380,125,distance,5,0.8244261139995492,0.012562217726283659,0.005617994556824621
381,97,uniform,2,0.8290669942583555,0.015278270657976168,0.00683265035397503
382,82,distance,3,0.8233235613787284,0.013498001283072839,0.00603648968586605
383,130,distance,1,0.8250298858353556,0.01571176748891042,0.007026516030374974
384,38,uniform,1,0.8272794947169535,0.01674396412508554,0.007488128399301811
385,38,uniform,3,0.8276429056231951,0.016167745130865486,0.007230435431101291
386,183,uniform,4,0.8261233254629217,0.015019858852697602,0.006717085081416768
387,92,distance,5,0.8228306228020064,0.012999894971291306,0.005813729771233007
388,44,uniform,2,0.8287291665574766,0.015518065078872436,0.00693988967912488
389,179,uniform,4,0.8261381152416941,0.014963164329045913,0.006691730519649338
390,85,uniform,1,0.8311622833453004,0.016461989403633456,0.007362025470281126
391,195,distance,5,0.8234016425662608,0.012173235651845887,0.0054440364847302735
392,112,uniform,5,0.8283843861865104,0.014011864641692594,0.006266296366070075
393,137,uniform,4,0.8279827495165069,0.015128763693132638,0.006765788806675069
394,63,uniform,4,0.8292869197427659,0.014550677170887986,0.006507260654551972
395,85,uniform,1,0.8311622833453004,0.016461989403633456,0.007362025470281126
396,58,distance,4,0.822498309739569,0.012306560345871997,0.005503661100514622
397,128,distance,5,0.8243822016231741,0.01243893550122029,0.005562861069692796
398,177,distance,5,0.8237751458996116,0.012139486599324989,0.005428943449607686
399,161,distance,3,0.8242755579824843,0.012371239951602987,0.005532586699549097
400,123,distance,2,0.8248736857897578,0.013683064568343145,0.006119252503066818
401,67,distance,3,0.8232096391359492,0.0130088221706562,0.005817722136158727
402,151,uniform,3,0.8274198469331602,0.015186157222683136,0.006791455973383781
403,125,distance,1,0.8251469167160206,0.015639328507580832,0.006994120333080215
404,196,uniform,3,0.8264471282606303,0.015150836791395526,0.006775660196313039
405,170,distance,2,0.8252821178963202,0.013350033961837603,0.005970316688119943
406,29,uniform,1,0.8266464152065787,0.01652972171580323,0.007392316281138096
407,182,uniform,1,0.8297343113695564,0.017761654733232324,0.007943253475277674
408,80,distance,5,0.8237753932148492,0.013584794321278548,0.00607530471254639
409,174,distance,4,0.8239590763709455,0.012003072396282602,0.0053679371633878386
410,103,uniform,1,0.831414230420495,0.017057193099872883,0.007628208655331224
411,74,uniform,5,0.8291415213130048,0.014718996298330426,0.0065825352567269214
412,106,uniform,5,0.8284548726670475,0.014278335701259562,0.006385465846715702
413,42,distance,5,0.8197282660679562,0.015233771394443279,0.006812749678333386
414,37,uniform,1,0.8272310717037301,0.016432938785418474,0.007349033638857708
415,169,distance,1,0.8260575461611432,0.015038135218330057,0.006725258520603929
416,13,distance,3,0.8023192797132062,0.01366576286023332,0.006111514943974732
417,99,distance,4,0.8233350295992118,0.012746662079318842,0.005700480579115149
418,165,uniform,1,0.8309220780114153,0.017547205468607493,0.007847348848592482
419,87,uniform,5,0.8284562140655876,0.014965278558787517,0.006692676031933794
420,198,distance,4,0.8236059577094219,0.01245198257814057,0.00556869589987308
421,60,uniform,3,0.8286175585956949,0.013438470015904381,0.006009866493830975
422,80,distance,5,0.8237753932148492,0.013584794321278548,0.00607530471254639
423,132,uniform,2,0.8292467367491444,0.015699587099644516,0.00702106879469678
424,166,uniform,2,0.8284548906833894,0.01572593822158688,0.007032853374686082
425,115,uniform,5,0.828131236929963,0.014545137294919144,0.006504783146701322
426,87,uniform,2,0.8293001191699119,0.015235072178554037,0.006813331406672528
427,175,distance,2,0.8250542652215159,0.013404495070008897,0.005994672436120139
428,15,uniform,3,0.8194628313041473,0.014950164002501766,0.006685916596872857
429,148,distance,4,0.8243150727336097,0.0130362071352089,0.0058299690646189785
430,179,uniform,1,0.8300372479677567,0.01793345187672294,0.008020083493514735
431,109,uniform,2,0.8292656358916976,0.01518420124643637,0.006790581234213751
432,38,distance,5,0.8190426951268088,0.01552865946630418,0.0069446276332203495
433,58,distance,1,0.822587174526596,0.014675671670165957,0.00656315989399179
434,88,uniform,3,0.828574661685858,0.015378482609489656,0.0068774665011234444
435,70,distance,3,0.8236121340389625,0.013093867337763633,0.005855755491120737
436,12,uniform,4,0.8138663003998973,0.012509551771248633,0.005594441625712969
437,27,uniform,2,0.8265321965130845,0.015547794979364248,0.0069531852948176796
438,35,distance,1,0.8160529847509682,0.0148397737072993,0.00663654855604706
439,81,distance,1,0.8237355672723652,0.014771807735521872,0.006606153249436828
440,42,distance,5,0.8197282660679562,0.015233771394443279,0.006812749678333386
441,84,distance,1,0.8239732257506592,0.01446497235737532,0.006468932296749319
442,35,uniform,3,0.8273828855890232,0.01604292171932018,0.007174612704421545
443,192,uniform,2,0.8278774718420957,0.015801133967249723,0.007066481934470263
444,75,distance,2,0.8242797082924962,0.013624438541087925,0.006093034146628132
445,69,distance,3,0.8234920665857789,0.013037918351183295,0.005830734343667565
446,196,uniform,3,0.8264471282606303,0.015150836791395526,0.006775660196313039
447,5,distance,1,0.7655304600653043,0.011921875863341319,0.005331624969949036
448,105,uniform,5,0.8285701707032007,0.014244719626633751,0.006370432281115698
449,136,distance,2,0.8255993381778731,0.013918891332332008,0.006224717438105397
450,59,distance,3,0.8224134282019298,0.012707064065494964,0.005682771808978315
451,113,uniform,3,0.8286888983956938,0.015072206956695759,0.006740495865223389
452,3,uniform,5,0.7369430575500919,0.012312268329303393,0.00550621378830803
453,40,distance,5,0.8199392292412433,0.015141826643393584,0.0067716307356291035
454,185,uniform,5,0.825877209131075,0.015163105278910186,0.006781146830725816
455,75,distance,4,0.8240071406951819,0.013434733401414866,0.006008195429030121
456,73,distance,2,0.8242759625312501,0.013733086703842655,0.006141623082138139
457,94,distance,2,0.8236199056336773,0.013263262063089408,0.005931511115292404
458,5,distance,1,0.7655304600653043,0.011921875863341319,0.005331624969949036
459,1,distance,2,0.6434425625920471,0.016452763289866428,0.007357899426770882
460,181,uniform,1,0.829808134149026,0.017813529365085908,0.007966452515904152
461,114,uniform,3,0.8287396111221756,0.014941036250537013,0.006681834542097868
462,21,uniform,5,0.8238885948039559,0.015602625844567017,0.006977706403189383
463,125,distance,3,0.8243905022431985,0.013095367899835062,0.0058564265628799714
464,122,uniform,4,0.8285421602052422,0.014509478722133512,0.006488836148155463
465,32,distance,2,0.8169502624489647,0.015693266966964842,0.007018242345437066
466,113,uniform,5,0.8283900367664401,0.01421903319047627,0.00635894495764613
467,50,distance,1,0.8209998955052177,0.014724006095356141,0.006584775706067516
468,113,uniform,4,0.828490243659558,0.014424682772416542,0.006450914246598703
469,151,uniform,4,0.827123964551701,0.01513263381762867,0.006767519578965972
470,159,uniform,4,0.8271687531774274,0.014645254066408611,0.006549556728048974
471,115,uniform,5,0.828131236929963,0.014545137294919144,0.006504783146701322
472,65,uniform,2,0.8299294349026987,0.014664436259771312,0.006558135265712283
473,163,distance,2,0.825185923733877,0.013451812090246108,0.006015833250868767
474,85,distance,3,0.8235492455411192,0.013391752193251822,0.005988973648388594
475,80,uniform,5,0.8289800031708762,0.015502773300793606,0.0069330509880686595
476,149,uniform,2,0.828519136958265,0.016095708387652508,0.007198219620160908
477,146,distance,2,0.8252112399698113,0.013612040284228851,0.006087489477600253
478,139,distance,1,0.8254201148852982,0.015447770944938233,0.00690845318674561
479,1,distance,4,0.6400553593048182,0.018680524851496644,0.008354184684664132
480,129,distance,1,0.8250981743221925,0.015749295851855583,0.007043299224500908
481,164,uniform,4,0.8269370351783814,0.014500239696484044,0.0064847043302758475
482,120,uniform,3,0.8287207807692912,0.014886470139329965,0.006657431835312513
483,119,uniform,3,0.8288000493975336,0.015027935407469618,0.006720697026515613
484,157,distance,3,0.8244869371694822,0.01270371069439152,0.005681272135830099
485,170,uniform,4,0.8268516082369406,0.014443389534314496,0.006459280164847249
486,36,distance,2,0.8182360854878693,0.014669552268743415,0.006560423214479308
487,86,distance,5,0.8233158798657225,0.013087738803965274,0.005853014727485629
488,174,distance,2,0.8251076329016399,0.013410915378273472,0.0059975436852633575
489,89,uniform,5,0.8283118442051582,0.015138573796349836,0.0067701760182070575
490,189,distance,2,0.8249033930995445,0.01314121821593105,0.005876931447596067
491,88,uniform,4,0.82816685687556,0.015215105669976131,0.006804402112581822
492,140,distance,3,0.8250867290315987,0.013397975475755445,0.005991756784932852
493,121,uniform,4,0.8285036478178606,0.014568229026300145,0.0065151100829185385
494,12,uniform,1,0.8137847715396831,0.014686936080922686,0.006568197491627495
495,118,distance,1,0.8248892781146651,0.015318352433689253,0.006850575469005702
496,151,distance,3,0.8245161760543818,0.012962043181710342,0.005796801936318397
497,157,distance,5,0.8242272741864476,0.012643810747149513,0.005654484065053743
498,165,distance,1,0.8262711855801133,0.01509131966581996,0.006749043328590568
499,67,uniform,5,0.8288391039130183,0.014450404473359298,0.006462417340959687
500,94,uniform,5,0.8277573355992432,0.015114250561993043,0.006759298337116169
501,104,uniform,5,0.8285813129916824,0.014285300711641575,0.006388580694051336
502,106,distance,1,0.8248684692398808,0.014803626249845913,0.006620382921631149
503,55,distance,5,0.8223311803258927,0.012932228245211699,0.005783468291367235
504,171,uniform,3,0.8271154755790124,0.014936748516529126,0.006679917009155653
505,137,uniform,1,0.8303438124020566,0.017724375181795426,0.007926581553040954
506,167,distance,4,0.8240344796749459,0.012074339173890187,0.005399808635241422
507,91,uniform,4,0.8278365403513644,0.015458721890532505,0.006913350598498949
508,146,uniform,2,0.8286955447879706,0.01573683219682485,0.007037725308521543
509,145,uniform,1,0.8304969693237385,0.01775281608109714,0.007939300709876924
510,72,distance,1,0.8236834279791824,0.014869696042316615,0.006649930231075908
511,119,uniform,4,0.828350654681104,0.01450816011487769,0.006488246449063534
512,57,distance,5,0.8222399406574457,0.012472626966371914,0.005577928350960916
513,5,uniform,4,0.7755109139722954,0.016217892557925162,0.007252862042261722
514,175,uniform,1,0.8302812072521345,0.017735208265005107,0.007931426255133505
515,68,distance,3,0.8233895388602666,0.013004403346487572,0.0058157459779143925
516,175,distance,2,0.8250542652215159,0.013404495070008897,0.005994672436120139
517,29,distance,4,0.8167102782247285,0.01540769291474796,0.006890529746763662
518,173,distance,3,0.8242869197427659,0.01244296911065151,0.005564664954669376
519,37,uniform,4,0.8279096424771618,0.01581799957921964,0.007074024465439636
520,32,uniform,2,0.8269942747341444,0.01655966649853254,0.007405707995088935
521,49,uniform,3,0.8289896386380431,0.015008365353102992,0.006711945032138185
522,41,uniform,5,0.8278008352376061,0.016592553982495938,0.007420415725039154
523,123,distance,5,0.8243089930371752,0.012691417896089132,0.005675774629302532
524,150,distance,3,0.8244652094612654,0.012972625662438507,0.005801534565574148
525,188,uniform,2,0.8277916419897379,0.0158530381238831,0.007089694178979669
526,65,distance,2,0.8236163007274673,0.013390008714679448,0.005988193941067566
527,29,uniform,5,0.8278706272700591,0.015846602010667944,0.007086815861647673
528,8,distance,2,0.784446333248602,0.015518870403583768,0.00694024983128458
529,44,uniform,3,0.8282486625322983,0.015973906773224987,0.0071437482822350774
530,91,distance,2,0.8237981855250813,0.013403489971464524,0.005994222942386278
531,134,uniform,2,0.8295531373985188,0.01601448232895828,0.007161894222403972
532,77,distance,3,0.8238353253947872,0.01367958358363733,0.00611769575938065
533,66,distance,1,0.823029564161762,0.015035745894541272,0.006724189982521533
534,90,distance,1,0.8242474475757209,0.014559220866781457,0.006511081511511349
535,181,uniform,4,0.8259231737325667,0.014948295569631734,0.006685081008291099
536,90,distance,3,0.8230584214277853,0.013306524969781002,0.005950858875345731
537,123,uniform,2,0.8294095012945562,0.015651258235755913,0.006999455469710729
538,22,distance,1,0.8105152755648615,0.015354521510446114,0.006866750771868051
539,103,distance,5,0.8237057191075424,0.012199773454150709,0.00545590455071568
540,108,uniform,4,0.8285636242197286,0.014035146076499045,0.006276708140238265
541,121,distance,5,0.8243078498183953,0.012703171485640968,0.005681030994346039
542,166,distance,5,0.8241627134445147,0.012016908723353797,0.005374124956965861
543,26,uniform,5,0.8269656500427152,0.014758163902649609,0.006600051541881623
544,127,uniform,1,0.8306739897090656,0.018138077154367292,0.008111594699660243
545,69,uniform,3,0.8293410752283817,0.014500312634928831,0.006484736949339992
546,158,uniform,2,0.828516285462712,0.015722718813124575,0.007031413611452272
547,151,distance,4,0.8241154205472775,0.012898241090873874,0.005768268773875005
548,33,distance,5,0.8179546456611408,0.014785185888063351,0.006612136141136049
549,64,uniform,3,0.8289256871760333,0.014661894670338566,0.00655699863236378
550,11,uniform,1,0.8108679012337591,0.013686441805457127,0.006120762849419418
551,78,distance,4,0.8237273780260903,0.01351596498920204,0.006044523299472594
552,164,uniform,1,0.8309126145184198,0.017527071501528373,0.00783834466478335
553,162,uniform,4,0.8270124597744223,0.014734358271936681,0.006589405340177349
554,39,distance,4,0.8195300240698327,0.01566517107036651,0.007005677478500531
555,104,distance,1,0.8247802317491182,0.014898989279972663,0.006663030565211904
556,113,uniform,1,0.831148507395217,0.016968340345046316,0.00758847249537516
557,197,distance,1,0.8263301514289907,0.015477919630027226,0.006921936088603854
558,152,distance,5,0.8242199448110317,0.012869059260442807,0.005755218262564657
559,1,distance,3,0.6419661266568484,0.01722141536504848,0.007701651085001551
560,83,distance,5,0.8233531311091777,0.013482401919247234,0.006029513438282089
561,7,distance,3,0.7758629467397627,0.014909328372936716,0.006667654348150566
562,146,uniform,1,0.8306077583608928,0.017771668985327345,0.007947731984963331
563,3,uniform,1,0.7433629483776121,0.010109214726309847,0.00452097826543415
564,15,distance,4,0.8056774897929235,0.013163354102533454,0.0058868309170331075
565,175,uniform,4,0.8262065724270045,0.014565528358493635,0.006513902307558539
566,67,uniform,3,0.8290572294010976,0.014607128856713494,0.006532506615942031
567,32,distance,5,0.8176286628860738,0.014879357222982182,0.0066542508424181305
568,137,distance,4,0.8246076122647393,0.012951548508607766,0.005792108575826596
569,78,distance,5,0.8236868707383163,0.013500577846912056,0.006037641960244621
570,170,distance,1,0.8260779570385589,0.015096910191999355,0.006751543487903992
571,155,uniform,3,0.8276410450264414,0.014994827547447536,0.006705890741395828
572,104,uniform,4,0.8284306374116216,0.01455018317469454,0.006507039732738138
573,19,uniform,1,0.8236523661680618,0.01634589813921558,0.007310107878514671
574,85,distance,2,0.8236520582524017,0.013339858113657637,0.005965765910468118
575,24,distance,4,0.8145342726508,0.013726740942484945,0.006138785171385173
576,184,uniform,1,0.8298380461899694,0.017751397554220696,0.007938666325372197
577,157,distance,2,0.8250120218135317,0.013760659831847705,0.006153954159852458
578,93,distance,3,0.8231132942913746,0.013204047769782814,0.0059050296782777725
579,124,distance,3,0.8243961004119518,0.013131240282861906,0.005872469180272557
580,46,distance,4,0.820505720352308,0.014573603722557529,0.006517513720156524
581,98,uniform,5,0.8281572492518304,0.015013500698540905,0.0067142416284356075
582,193,distance,5,0.8234745137553132,0.012274707909443634,0.00548941625789406
583,2,uniform,1,0.7057293670302254,0.013317134624147355,0.005955603657021919
584,25,uniform,3,0.8262995023558825,0.015990961885754315,0.007151375560430975
585,104,distance,5,0.8238738770905508,0.012225324323930278,0.005467331247057952
586,59,uniform,4,0.8288000821545186,0.013479520784787912,0.006028224955781416
587,37,distance,3,0.8190372984135138,0.015406411082465547,0.006889956493939816
588,43,uniform,5,0.8275893741581454,0.01610782465180139,0.007203638178214958
589,48,distance,2,0.8215016227810418,0.014418526552222989,0.006448161101231254
590,87,uniform,4,0.8282258522057242,0.01520371876075372,0.006799309731966836
591,172,distance,1,0.826215428277926,0.015066800471363904,0.006738078011479113
592,130,distance,3,0.8247235932840319,0.013248020807215995,0.005924695018453319
593,85,distance,2,0.8236520582524017,0.013339858113657637,0.005965765910468118
594,88,distance,2,0.8237119806052442,0.013443809057229238,0.006012254185698387
595,175,distance,5,0.8237042073726801,0.01184846800348998,0.005298795977006962
596,52,uniform,3,0.8290898209634223,0.0141679214703615,0.006336087101521417
597,126,distance,4,0.8242299373293361,0.012763930220534944,0.005708203126636003
598,28,distance,5,0.8162218027872263,0.015080601817664257,0.006744250161180833
599,36,uniform,4,0.827695706607477,0.015778310766382437,0.0070562750887495865
600,151,uniform,1,0.8307415313366422,0.017723757841795452,0.007926305470199919
601,117,distance,5,0.8236872048595643,0.012664724298661162,0.005663836889619941
602,90,uniform,4,0.8276617261489839,0.015261105470455958,0.006824973848746686
603,118,uniform,1,0.8308782278733116,0.017340161085089116,0.007754755785411156
604,190,distance,2,0.8249044085660826,0.013163617673253037,0.005886948789442281
605,184,distance,5,0.8234690973878269,0.012414848434832652,0.005552089006128535
606,26,distance,3,0.8147849749605605,0.015116210853170853,0.006760175005982023
607,31,distance,4,0.817656201683447,0.015142564145764169,0.006771960556715943
608,107,uniform,1,0.8315434157804811,0.01710206937049736,0.007648277933669826
609,77,distance,4,0.8240465981215834,0.013472455325802936,0.006025065186464888
610,186,uniform,1,0.8299371655511821,0.017741205401530513,0.007934108256121735
611,175,uniform,3,0.8265957581669715,0.01496313003580265,0.006691715183244717
612,88,uniform,2,0.8292197875775031,0.015479337583123705,0.006922570216506381
613,103,uniform,1,0.831414230420495,0.017057193099872883,0.007628208655331224
614,188,uniform,2,0.8277916419897379,0.0158530381238831,0.007089694178979669
615,89,uniform,2,0.8292839388571218,0.015604699671039252,0.006978633846582474
616,87,uniform,4,0.8282258522057242,0.01520371876075372,0.006799309731966836
617,156,uniform,4,0.8270521350347748,0.015014140291601271,0.0067145276631477915
618,131,uniform,5,0.8279629430054664,0.015067670529377719,0.006738467113251764
619,51,distance,2,0.8222418962494562,0.013817541840255028,0.006179392567351556
620,147,uniform,2,0.8286966355955745,0.015830200396026353,0.007079480836591803
621,108,distance,3,0.8241629574840538,0.012734172125163,0.005694894901809485
622,18,uniform,2,0.8219009156887613,0.016288032115916173,0.007284229406177659
623,53,uniform,4,0.8285337072652371,0.014110478277367007,0.006310397724645352
624,5,distance,2,0.7622430951551109,0.015018427560742993,0.006716444988195536
625,90,distance,2,0.8237746774747248,0.013234354478048013,0.005918583250248821
626,76,uniform,2,0.8300915688761471,0.015141944389224235,0.0067716833931653845
627,102,distance,3,0.8239399217239084,0.013009443325881215,0.005817999925220269
628,59,distance,2,0.8233973235577755,0.013051709427324833,0.0058369019004146355
629,4,uniform,4,0.7604492522235442,0.014063834537890315,0.006289538010206416
630,159,uniform,3,0.827445135325657,0.014873653998485078,0.006651700282884837
631,198,distance,1,0.8263265383335341,0.015418469856436579,0.006895349341604722
632,63,uniform,2,0.830328508338618,0.014135895161918032,0.006321764500971823
633,1,distance,1,0.6456886435463498,0.024035038423109546,0.01074879595117846
634,109,uniform,1,0.8313658630941463,0.01719893644136198,0.007691598204716742
635,121,uniform,2,0.8293724793499966,0.015695969771127166,0.007019451076204431
636,80,distance,5,0.8237753932148492,0.013584794321278548,0.00607530471254639
637,189,uniform,5,0.8256274027248571,0.015214114248805808,0.006803958735555587
638,101,uniform,5,0.8286538877300196,0.01460191204080462,0.006530173584942362
639,45,distance,3,0.8210019510060323,0.014767292111914188,0.006604133801167311
640,142,distance,5,0.8249191836042117,0.012972964291337813,0.005801686005021747
641,97,distance,2,0.8238954508409373,0.013111932584426132,0.005863834515034266
642,117,uniform,4,0.8280946080692246,0.014419781016173566,0.006448722114565017
643,56,uniform,1,0.8310215642508607,0.014999588682680311,0.006708019985801939
644,183,uniform,1,0.82969789870492,0.017914165159388814,0.008011458211310349
645,76,distance,2,0.8241709256206793,0.013755033048351035,0.006151437785773812
646,194,distance,3,0.8241093654185819,0.012374127552769421,0.005533878074049108
647,97,distance,1,0.8243935912268933,0.014780823120900106,0.0066101850523466454
648,135,uniform,2,0.8294414671984652,0.016138357027290454,0.007217292671636576
649,49,distance,1,0.8210595345101389,0.01462038902747328,0.006538436744584458
650,132,uniform,4,0.8282080733520617,0.015227883223847593,0.0068101164083903725
651,167,uniform,4,0.8268616826477079,0.014598126994522483,0.006528480860785394
652,56,uniform,3,0.829410387371003,0.013564845523656336,0.006066383339035859
653,133,uniform,4,0.8282594330289991,0.015301230021005714,0.006842918093265862
654,105,distance,3,0.8241412166730433,0.012955848124238398,0.00579403142239204
655,31,distance,5,0.8173639127432534,0.014803176131787586,0.006620181622715885
656,27,uniform,3,0.8263375757996636,0.016484099993437203,0.007371913626645884
657,47,uniform,2,0.8294809426412089,0.015440199833583102,0.006905067282814551
658,56,uniform,1,0.8310215642508607,0.014999588682680311,0.006708019985801939
659,42,uniform,2,0.8280176176892959,0.01640819394218099,0.007337967408543389
660,55,distance,5,0.8223311803258927,0.012932228245211699,0.005783468291367235
661,27,distance,1,0.8133514768814301,0.015392757102958638,0.006883850248671649
662,92,distance,4,0.8229445090121018,0.013197671141658096,0.0059021779634869515
663,192,uniform,5,0.8258463012777846,0.015095346238128107,0.006750844066470034
664,195,distance,3,0.824055588276144,0.012302994088199605,0.005502066221598472
665,150,distance,3,0.8244652094612654,0.012972625662438507,0.005801534565574148
666,98,distance,3,0.8234230197747369,0.012976967893645195,0.0058034764704045835
667,38,uniform,5,0.8272480889574894,0.016552380884321267,0.007402449769362087
668,45,uniform,4,0.8278748643860816,0.015425564422091516,0.006898522127819777
669,178,distance,3,0.8240252307402031,0.012424021074477144,0.005556191135284174
670,46,distance,5,0.8202257922604416,0.015039402616087686,0.0067258253181120475
671,82,uniform,4,0.82840450225106,0.01552697394974051,0.006943873847297636
672,56,distance,2,0.8231576374221039,0.013019041038738946,0.005822292152895951
673,18,distance,1,0.8084324603378426,0.01558525046218616,0.006969935895961653
674,119,uniform,1,0.8307769825837662,0.017359074514652392,0.007763214128249383
675,78,uniform,1,0.8309835497696529,0.016370141790076016,0.007320949968784012
676,63,uniform,1,0.8312440791749433,0.015934492363847023,0.007126121622502651
677,48,uniform,3,0.8285757180986273,0.014978981988861686,0.006698804392167945
678,70,uniform,4,0.8293924955057417,0.013919979623986625,0.006225204136929211
679,151,uniform,4,0.827123964551701,0.01513263381762867,0.006767519578965972
680,41,uniform,2,0.8277622360442141,0.016400098486501213,0.007334347010701625
681,52,uniform,1,0.8309315169366716,0.014971685227125298,0.006695541181116309
682,66,uniform,3,0.8291258405442378,0.014642046679567053,0.006548122341047402
683,174,uniform,2,0.8280234435190961,0.015889966054213965,0.007106208851477306
684,182,uniform,1,0.8297343113695564,0.017761654733232324,0.007943253475277674
685,33,distance,2,0.817324674788652,0.01542216541807442,0.006897002047012173
686,181,uniform,3,0.8265337950539573,0.015026234157196023,0.006719936204263913
687,116,uniform,3,0.8286421705564495,0.015134916092165732,0.006768540243167609
688,200,distance,2,0.8247406580354195,0.013298783207276711,0.00594739665390068
689,133,uniform,1,0.830325411165677,0.017876045449693755,0.007994410558878206
690,30,distance,5,0.8175271309729085,0.014936844929180789,0.006679960126204255
691,77,distance,5,0.8240440741958815,0.013650164535655325,0.006104539161156431
692,101,uniform,5,0.8286538877300196,0.01460191204080462,0.006530173584942362
693,1,distance,1,0.6456886435463498,0.024035038423109546,0.01074879595117846
694,3,uniform,5,0.7369430575500919,0.012312268329303393,0.00550621378830803
695,48,distance,2,0.8215016227810418,0.014418526552222989,0.006448161101231254
696,86,distance,3,0.8235145984779795,0.013416207160993277,0.005999910242440086
697,23,uniform,1,0.8246065967982013,0.015949073794119504,0.0071326426363623385
698,74,uniform,3,0.8298111592565999,0.015134340009633939,0.006768282611227262
699,87,uniform,4,0.8282258522057242,0.01520371876075372,0.006799309731966836
700,120,distance,4,0.8242503449310531,0.01263686390545109,0.005651377343000422
701,182,uniform,2,0.8276698154864542,0.015988213114743074,0.007150146272663831
702,88,distance,1,0.8242110643923711,0.014704258718208971,0.006575944410531836
703,172,uniform,3,0.8269577572471553,0.014795160001875423,0.006616596700435872
704,53,uniform,5,0.8283625454666954,0.013635391304360131,0.006097932371271755
705,11,uniform,1,0.8108679012337591,0.013686441805457127,0.006120762849419418
706,137,distance,2,0.8255325597880493,0.01380043738027432,0.006171743220304498
707,76,distance,4,0.8239684759878196,0.013642788856382567,0.006101240657109606
708,120,distance,5,0.8240926593561811,0.012573019459408539,0.00562282523873303
709,40,uniform,3,0.8274685713106462,0.01659480987053093,0.007421424588838329
710,57,uniform,1,0.8306304753300594,0.015140457781767565,0.00677101856209959
711,68,uniform,2,0.8301721854543264,0.015240433982523779,0.006815729278304202
712,116,distance,5,0.8236923755496622,0.012648363395949906,0.005656520071492815
713,72,distance,3,0.8241120564049078,0.013305699969092618,0.0059504899238215885
714,113,distance,3,0.8241041652471972,0.013176534253076556,0.005892725259546719
715,17,uniform,1,0.8215749050702572,0.017293943299164338,0.007734086563191688
716,71,distance,1,0.8235067433529526,0.014934186937795994,0.0066787714363202525
717,8,uniform,3,0.7986320191667671,0.014962000172478014,0.006691209893004884
718,78,uniform,2,0.8299151626842909,0.015285026075011728,0.006835671468316604
719,17,distance,2,0.8080289139356076,0.014842555546390133,0.006637792632308974
720,3,distance,2,0.7299406902027789,0.010825367922778778,0.004841251711355808
721,104,uniform,5,0.8285813129916824,0.014285300711641575,0.006388580694051336
722,133,uniform,1,0.830325411165677,0.017876045449693755,0.007994410558878206
723,195,distance,2,0.8248634492319141,0.013302019411077629,0.005948843928238259
724,30,distance,3,0.8162128208219122,0.01570982299043462,0.007025646424220168
725,78,uniform,2,0.8299151626842909,0.015285026075011728,0.006835671468316604
726,192,distance,4,0.8237512873495145,0.012571357487386806,0.005622081982249571
727,25,distance,3,0.8142524331888532,0.015403434864927,0.006888625488993412
728,193,distance,1,0.8263565863159661,0.015486619238728136,0.006925826671890431
729,100,distance,2,0.8241226762194771,0.013287565572460889,0.005942379975101691
730,108,uniform,1,0.8316016904569731,0.017012823480633866,0.00760836595838038
731,133,distance,1,0.8251457833243361,0.01543577414551275,0.006903088054940048
732,150,distance,1,0.8260151782766156,0.015305142572679073,0.006844667839567284
733,156,uniform,4,0.8270521350347748,0.015014140291601271,0.0067145276631477915
734,173,distance,4,0.8240482507114818,0.011993230213207825,0.005363535605307399
735,121,distance,4,0.8243135167768175,0.012660088906923026,0.005661763879414179
736,156,uniform,3,0.8275529156337298,0.014988456587285722,0.006703041561395077
737,193,distance,1,0.8263565863159661,0.015486619238728136,0.006925826671890431
738,86,uniform,5,0.828374619691403,0.01518014530743401,0.006788767363149377
739,26,uniform,1,0.8252995200446543,0.015988316992086932,0.007150192728024269
740,110,uniform,4,0.8285630706266804,0.01401712073925521,0.00626864696435935
741,196,uniform,1,0.8300465575029218,0.018281520434166157,0.008175744484569399
742,6,uniform,3,0.7839556221468666,0.015450700393333766,0.006909763275895407
743,129,uniform,3,0.8284437451192093,0.01535496472200712,0.006866948982103816
744,174,distance,1,0.8261519354137075,0.015140591208663654,0.006771078232421526
745,18,distance,2,0.8090587640658494,0.015381836924878541,0.006878966596568948
746,75,distance,5,0.8241441500610591,0.013310587843121969,0.0059526758475406056
747,40,distance,5,0.8199392292412433,0.015141826643393584,0.0067716307356291035
748,152,uniform,2,0.8283054664201593,0.016370371583483326,0.007321052735519917
749,195,uniform,5,0.8258090451207816,0.01521253461725033,0.0068032523028480965
750,77,distance,2,0.8241587432979209,0.013912191324170493,0.006221721103365607
751,53,distance,3,0.8222545289807599,0.013183405240495116,0.005895798058534808
752,25,distance,1,0.8120600081761434,0.01578968600403542,0.007061362249680043
753,3,uniform,2,0.7369337332742835,0.010627327646705882,0.004752685407439444
754,200,distance,3,0.8239986468089455,0.012637243307106397,0.005651547016578831
755,102,distance,4,0.8235879036970843,0.012839056882082171,0.005741800791064447
756,72,uniform,1,0.8313631016803024,0.015898110648873122,0.007109851224938718
757,179,uniform,1,0.8300372479677567,0.01793345187672294,0.008020083493514735
758,189,distance,2,0.8249033930995445,0.01314121821593105,0.005876931447596067
759,36,distance,2,0.8182360854878693,0.014669552268743415,0.006560423214479308
760,97,distance,1,0.8243935912268933,0.014780823120900106,0.0066101850523466454
761,115,uniform,1,0.8309625476286563,0.01720807692830738,0.007695685954748216
762,26,distance,2,0.814918870775004,0.01479079212656128,0.006614643327211938
763,170,uniform,2,0.8284553312648388,0.01567522541602405,0.007010173918572439
764,187,uniform,5,0.8257348456359834,0.015180901492434527,0.006789105539362322
765,52,distance,1,0.8218033915927233,0.01437907069062943,0.0064305159035044504
766,6,distance,3,0.769950410838107,0.01425620118793925,0.006375566991429084
767,183,uniform,3,0.8266522950854039,0.01505964549045337,0.006734878206740379
768,125,distance,2,0.8251236952892835,0.013840365182448952,0.006189599476275427
769,164,uniform,4,0.8269370351783814,0.014500239696484044,0.0064847043302758475
770,80,distance,3,0.8233071959889727,0.013430025969041378,0.006006090201272801
771,41,uniform,4,0.8278473042966683,0.016559008544117744,0.00740541374892942
772,5,distance,3,0.7606758273759296,0.01618961438821138,0.007240215660309864
773,156,distance,1,0.8261273169015562,0.015156089379986875,0.006778009225342658
774,9,uniform,1,0.8020835358806913,0.014465613784864412,0.006469219151842968
775,66,distance,4,0.8232234216374298,0.013064274370974863,0.00584252111404162
776,21,distance,1,0.8106395981504096,0.015375295809182595,0.006876041320699983
777,3,distance,4,0.7279942635967693,0.012350353693517805,0.005523246080974283
778,175,distance,2,0.8250542652215159,0.013404495070008897,0.005994672436120139
779,78,distance,3,0.8236561119293077,0.013518865038814706,0.006045820241087003
780,9,distance,4,0.7890714262784397,0.011737822294050237,0.005249313711461771
781,150,distance,3,0.8244652094612654,0.012972625662438507,0.005801534565574148
782,140,uniform,3,0.8285945844841954,0.015488127125803478,0.006926501019491002
783,65,distance,3,0.8230746639788468,0.013288707120202477,0.005942890490771641
784,11,distance,2,0.7968781905303486,0.01370523673016491,0.006129168195275136
785,106,distance,3,0.824222208318702,0.012917348382077748,0.005776813814274554
786,121,distance,2,0.8248624337653763,0.013646400978098053,0.006102856047049373
787,114,distance,3,0.8241981941729254,0.01298103394307306,0.0058052948629886995
788,162,uniform,3,0.827287225365437,0.014715225824939641,0.006580849049765091
789,28,uniform,1,0.8261715732262747,0.01667674386813028,0.007458066586498419
790,32,uniform,5,0.8279045979014565,0.015734900560573153,0.007036861454528223
791,140,uniform,1,0.8304829902803472,0.017931121636147452,0.00801904137824859
792,32,uniform,1,0.8260472146080431,0.01590612214393729,0.007113434074451695
793,34,distance,1,0.8157214791482135,0.014968967045094289,0.006694325573156998
794,10,distance,2,0.794378809637367,0.013993757249582257,0.006258198494139283
795,79,uniform,2,0.8299560876236247,0.015234328982613395,0.006812999039343752
796,67,uniform,3,0.8290572294010976,0.014607128856713494,0.006532506615942031
797,74,distance,1,0.8235675485065436,0.014794808143232448,0.006616439344467039
798,122,distance,2,0.8249250421909968,0.013572583216333707,0.00606984374039898
799,66,distance,4,0.8232234216374298,0.013064274370974863,0.00584252111404162
800,192,distance,3,0.8242250139544754,0.012364642066828017,0.0055296360357761885
801,82,uniform,2,0.8294094472455307,0.015167701757645756,0.0067832024385077894
802,134,distance,3,0.8246821769899215,0.013300486597401712,0.00594815843312302
803,112,distance,3,0.8241746468141866,0.013184243521976469,0.005896172949410125
804,188,distance,1,0.8260651539709327,0.015112895222883917,0.0067586922110400545
805,167,uniform,4,0.8268616826477079,0.014598126994522483,0.006528480860785394
806,96,uniform,5,0.8278685799584903,0.015163517267559741,0.006781331077651089
807,51,distance,2,0.8222418962494562,0.013817541840255028,0.006179392567351556
808,143,uniform,1,0.8307337417255856,0.01790429777379497,0.00800704538232074
809,121,uniform,4,0.8285036478178606,0.014568229026300145,0.0065151100829185385
810,145,uniform,1,0.8304969693237385,0.01775281608109714,0.007939300709876924
811,113,distance,2,0.8243339702383136,0.013332650264621604,0.005962542462384893
812,6,uniform,1,0.7847488178004078,0.012205462668352198,0.005458448844654297
813,114,distance,5,0.8238859971750376,0.012465502243728128,0.005574742078130449
814,168,uniform,5,0.8268327156457843,0.014388257075096857,0.006434624179531774
815,125,distance,1,0.8251469167160206,0.015639328507580832,0.006994120333080215
816,85,uniform,3,0.8288094408251615,0.015445725317214595,0.006907538354216267
817,125,uniform,5,0.8283584311893669,0.014640697796234363,0.006547519102082279
818,131,distance,5,0.8244635159251359,0.012808638333229786,0.005728197202462281
819,23,distance,4,0.8133969845229798,0.01419923487972197,0.006350090883908875
820,133,uniform,4,0.8282594330289991,0.015301230021005714,0.006842918093265862
821,104,distance,5,0.8238738770905508,0.012225324323930278,0.005467331247057952
822,52,distance,2,0.8224030950109802,0.013207530307802189,0.005906587116626882
823,97,distance,2,0.8238954508409373,0.013111932584426132,0.005863834515034266
824,178,distance,5,0.823699318392654,0.012192077888857107,0.005452462989291323
825,55,distance,3,0.8226642336961933,0.012732002603429604,0.005693924662194578
826,139,uniform,1,0.8304930073663908,0.017879314975315207,0.007995872735186956
827,17,uniform,1,0.8215749050702572,0.017293943299164338,0.007734086563191688
828,170,uniform,4,0.8268516082369406,0.014443389534314496,0.006459280164847249
829,120,uniform,5,0.8282975130241772,0.014381501651721378,0.006431603062354901
830,116,uniform,3,0.8286421705564495,0.015134916092165732,0.006768540243167609
831,44,distance,2,0.8206090047641759,0.014638334469871192,0.006546462190402066
832,187,uniform,4,0.8261319176201132,0.015146867680515926,0.006773885155965635
833,148,distance,1,0.8259944840512791,0.015273655097746261,0.006830586212689367
834,19,distance,5,0.8109801774380369,0.013521340021267349,0.006046927086888448
835,173,uniform,3,0.8268805408440295,0.014855315647149446,0.006643499122848488
836,186,uniform,2,0.8276414413859612,0.01592327247688291,0.007121103936512327
837,1,distance,4,0.6400553593048182,0.018680524851496644,0.008354184684664132
838,13,uniform,4,0.81558070272905,0.013851232446736859,0.00619445946461087
839,46,uniform,2,0.8295384278743599,0.015508600814344166,0.00693565713135643
840,22,uniform,2,0.824332168604133,0.016440321926977478,0.007352335480140394
841,17,distance,4,0.8082951872782352,0.015339479995386712,0.006860024001836569
842,175,distance,5,0.8237042073726801,0.01184846800348998,0.005298795977006962
843,189,distance,2,0.8249033930995445,0.01314121821593105,0.005876931447596067
844,16,uniform,1,0.8200936423933041,0.016680797223220776,0.007459879302002277
845,107,uniform,5,0.8285297764270252,0.014209130576190415,0.006354516373906504
846,148,distance,4,0.8243150727336097,0.0130362071352089,0.0058299690646189785
847,173,distance,4,0.8240482507114818,0.011993230213207825,0.005363535605307399
848,90,distance,1,0.8242474475757209,0.014559220866781457,0.006511081511511349
849,65,uniform,3,0.8290114466008733,0.01479374419467055,0.006615963532205246
850,89,distance,5,0.8233241526423095,0.012936689587769484,0.005785463464413259
851,33,distance,5,0.8179546456611408,0.014785185888063351,0.006612136141136049
852,40,distance,1,0.8178805984963233,0.015270450516309429,0.0068291530803029285
853,177,uniform,3,0.8265789096116857,0.014989979740505734,0.006703722736223095
854,166,uniform,4,0.8269566385961143,0.014600136573527359,0.006529379571837606
855,123,uniform,2,0.8294095012945562,0.015651258235755913,0.006999455469710729
856,40,uniform,5,0.8278190366563767,0.01641547852133082,0.007341225171376689
857,143,distance,3,0.8249033865481475,0.013226008394078174,0.005914850768028324
858,28,distance,2,0.8151274607047208,0.015461853613034076,0.006914751147378984
859,180,distance,2,0.8250602843175278,0.013343988159797173,0.00596761292325176
860,3,distance,4,0.7279942635967693,0.012350353693517805,0.005523246080974283
861,185,distance,2,0.824874901073905,0.013254034832774896,0.005927384572446945
862,130,distance,5,0.8244911267878763,0.012576835642209213,0.005624531887564404
863,67,uniform,2,0.8302354588467444,0.015170171912955225,0.006784307125545181
864,31,distance,4,0.817656201683447,0.015142564145764169,0.006771960556715943
865,74,distance,1,0.8235675485065436,0.014794808143232448,0.006616439344467039
866,69,uniform,3,0.8293410752283817,0.014500312634928831,0.006484736949339992
867,46,distance,3,0.8207461336930487,0.014335531076742453,0.006411044396231375
868,45,uniform,2,0.8290248311049849,0.015788598650062248,0.00706087597020012
869,101,distance,5,0.8238493421087112,0.012324036832220834,0.005511476822811391
870,159,distance,5,0.8241151797834372,0.012491497381662374,0.005586367457231541
871,81,uniform,5,0.828823742524856,0.015686895651588883,0.007015393006579719
872,70,distance,5,0.8236331705747935,0.012453925223589981,0.005569564677329292
873,181,uniform,1,0.829808134149026,0.017813529365085908,0.007966452515904152
874,168,uniform,3,0.8273884084167108,0.014694038464217463,0.0065713737739973715
875,194,distance,5,0.8234497822315632,0.012152391908748764,0.005434714879436131
876,97,uniform,5,0.828166290179718,0.015174259724352249,0.006786135250377769
877,48,distance,2,0.8215016227810418,0.014418526552222989,0.006448161101231254
878,128,distance,5,0.8243822016231741,0.01243893550122029,0.005562861069692796
879,78,uniform,5,0.8288861036352392,0.01530179110602141,0.006843169018113113
880,40,distance,5,0.8199392292412433,0.015141826643393584,0.0067716307356291035
881,140,distance,3,0.8250867290315987,0.013397975475755445,0.005991756784932852
882,98,uniform,1,0.8307939294100073,0.016722449004045337,0.007478506544663806
883,38,uniform,1,0.8272794947169535,0.01674396412508554,0.007488128399301811
884,55,uniform,1,0.8310460943191526,0.014919008137371225,0.006671983270406916
885,89,uniform,5,0.8283118442051582,0.015138573796349836,0.0067701760182070575
886,155,uniform,3,0.8276410450264414,0.014994827547447536,0.006705890741395828
887,161,distance,1,0.8259028529368603,0.015263279139490426,0.006825945943091017
888,167,distance,5,0.8242221215126915,0.012029100061519209,0.00537957708914077
889,122,uniform,1,0.8306965199634171,0.0176339192273566,0.007886128420421985
890,52,distance,3,0.8223121255876604,0.013202880273545126,0.005904507558087584
891,83,uniform,4,0.8284319869994077,0.015483960685645275,0.006924637730807417
892,113,distance,4,0.8239362938878086,0.012565850092189417,0.005619619000241507
893,130,distance,4,0.8245583637754915,0.013154634128711325,0.005882931226187447
894,173,distance,5,0.8237796532607613,0.012139584561169156,0.005428987259476237
895,75,distance,1,0.8237617138978715,0.01485764258147687,0.006644539759515547
896,49,uniform,3,0.8289896386380431,0.015008365353102992,0.006711945032138185
897,105,distance,3,0.8241412166730433,0.012955848124238398,0.00579403142239204
898,3,uniform,1,0.7433629483776121,0.010109214726309847,0.00452097826543415
899,32,distance,1,0.8149284358146532,0.014896483300189878,0.006661909856982995
900,160,uniform,3,0.8273687673284451,0.014845604494790157,0.006639156163485442
901,178,uniform,4,0.8260407303628426,0.014962539900729746,0.006691451266816933
902,16,distance,1,0.8062890627047313,0.015501074004271288,0.006932291039561093
903,174,distance,1,0.8261519354137075,0.015140591208663654,0.006771078232421526
904,135,uniform,4,0.8281431375426495,0.015317943462108338,0.006850392571354543
905,85,distance,1,0.8240710217296735,0.014655534742820086,0.0065541543863111215
906,151,uniform,4,0.827123964551701,0.01513263381762867,0.006767519578965972
907,137,distance,5,0.8246976022542049,0.012959613079617533,0.00579571516162404
908,146,distance,1,0.8258226933186232,0.015374600724324141,0.006875730469301257
909,32,distance,5,0.8176286628860738,0.014879357222982182,0.0066542508424181305
910,200,uniform,4,0.8259318264901807,0.015622795990686188,0.0069867267667570974
911,43,uniform,2,0.8280493461050634,0.015898408996493234,0.007109984650050617
912,74,uniform,3,0.8298111592565999,0.015134340009633939,0.006768282611227262
913,92,distance,3,0.8230932633949862,0.013420953059547608,0.006002032672796446
914,102,uniform,1,0.8312937682456407,0.017214166053499777,0.007698409094318956
915,160,uniform,4,0.8270142106352759,0.014812649973240007,0.006624418453415019
916,59,uniform,2,0.8303663573970514,0.013713070976941966,0.006132671776944337
917,73,distance,4,0.8239949731130667,0.013112362972803045,0.005864026990567767
918,167,distance,5,0.8242221215126915,0.012029100061519209,0.00537957708914077
919,178,uniform,4,0.8260407303628426,0.014962539900729746,0.006691451266816933
920,129,uniform,3,0.8284437451192093,0.01535496472200712,0.006866948982103816
921,32,uniform,2,0.8269942747341444,0.01655966649853254,0.007405707995088935
922,24,uniform,3,0.8263973638488672,0.01572788052488762,0.007033721999128758
923,97,distance,2,0.8238954508409373,0.013111932584426132,0.005863834515034266
924,8,distance,4,0.7856044253376588,0.013586228557502435,0.006075946122484871
925,1,distance,3,0.6419661266568484,0.01722141536504848,0.007701651085001551
926,60,uniform,4,0.8285877153444201,0.013874725489601615,0.006204965872779652
927,159,uniform,4,0.8271687531774274,0.014645254066408611,0.006549556728048974
928,177,uniform,3,0.8265789096116857,0.014989979740505734,0.006703722736223095
929,149,distance,1,0.8259661459834693,0.015306266758187954,0.00684517059061072
930,193,distance,5,0.8234745137553132,0.012274707909443634,0.00548941625789406
931,60,uniform,5,0.8288608348969335,0.013886950662738992,0.006210433136414028
932,3,uniform,3,0.7378460464284403,0.012272518261002272,0.005488437017341717
933,199,distance,5,0.8233677882221604,0.01229613226949485,0.005498997522983849
934,163,uniform,4,0.826960015841278,0.01472532185014117,0.006585364129495726
935,113,distance,2,0.8243339702383136,0.013332650264621604,0.005962542462384893
936,178,distance,4,0.8236880319734381,0.012367748024932452,0.005531025062467545
937,78,uniform,1,0.8309835497696529,0.016370141790076016,0.007320949968784012
938,110,distance,2,0.8242005837949884,0.013387464600574042,0.005987056178651125
939,29,distance,1,0.8143296315756372,0.015536456847255594,0.0069481147279911145
940,133,distance,5,0.8247833584033459,0.012803587728935651,0.005725938503556453
941,191,uniform,4,0.82622111325269,0.015336910530613488,0.006858874902256825
942,48,distance,4,0.8208904265745629,0.014250728101934864,0.006373119352958582
943,149,uniform,3,0.8275920323874862,0.01515939256447399,0.006779486454353741
944,146,distance,1,0.8258226933186232,0.015374600724324141,0.006875730469301257
945,40,distance,1,0.8178805984963233,0.015270450516309429,0.0068291530803029285
946,83,uniform,4,0.8284319869994077,0.015483960685645275,0.006924637730807417
947,88,distance,2,0.8237119806052442,0.013443809057229238,0.006012254185698387
948,15,uniform,3,0.8194628313041473,0.014950164002501766,0.006685916596872857
949,17,distance,5,0.8082995947305804,0.01498444392658308,0.006701247044974727
950,146,distance,3,0.824501930041562,0.013085509297732846,0.005852017661987235
951,136,distance,4,0.8246398516894743,0.01308872946160234,0.005853457763049411
952,62,distance,2,0.8235381425610196,0.013034687818421119,0.005829289605495611
953,72,distance,2,0.824075321083968,0.01366545378343663,0.006111376720629199
954,36,uniform,5,0.82794308408325,0.016275309625501444,0.007278539735495575
955,113,distance,4,0.8239362938878086,0.012565850092189417,0.005619619000241507
956,193,uniform,4,0.8259978269016086,0.015497918274389844,0.0069308797542543855
957,150,uniform,2,0.8284753375934883,0.01620238329169861,0.007245926087548979
958,94,uniform,2,0.8289884184403482,0.015515830064326728,0.006938890150233899
959,159,uniform,2,0.8283798870146069,0.015716075705375896,0.007028442723350692
960,74,uniform,1,0.8310572972080565,0.01604224256768271,0.007174308978575863
961,186,uniform,1,0.8299371655511821,0.017741205401530513,0.007934108256121735
962,46,distance,5,0.8202257922604416,0.015039402616087686,0.0067258253181120475
963,185,uniform,5,0.825877209131075,0.015163105278910186,0.006781146830725816
964,113,uniform,1,0.831148507395217,0.016968340345046316,0.00758847249537516
965,138,uniform,1,0.8304045258360893,0.01773600651781322,0.00793178324464194
966,130,distance,1,0.8250298858353556,0.01571176748891042,0.007026516030374974
967,149,distance,2,0.8251846314708148,0.013843069882117144,0.006190809054738787
968,17,distance,4,0.8082951872782352,0.015339479995386712,0.006860024001836569
969,144,uniform,2,0.8287601775952703,0.01596605906858786,0.007140238682027886
970,107,uniform,1,0.8315434157804811,0.01710206937049736,0.007648277933669826
971,122,uniform,1,0.8306965199634171,0.0176339192273566,0.007886128420421985
972,36,distance,1,0.81628627344745,0.015164566004821944,0.006781800087212853
973,195,uniform,4,0.8259289880974219,0.015477842566106223,0.006921901624570659
974,20,uniform,1,0.8239312738798421,0.016698424060327875,0.007467762263202235
975,70,distance,2,0.8237002650695233,0.01381824899859192,0.006179708818173985
976,78,distance,5,0.8236868707383163,0.013500577846912056,0.006037641960244621
977,67,distance,2,0.8239401248172161,0.013759476764129192,0.006153425075884342
978,39,uniform,1,0.8275089623111231,0.01636052566147434,0.007316649505337267
979,32,distance,1,0.8149284358146532,0.014896483300189878,0.006661909856982995
980,12,distance,4,0.7995657537513299,0.011888811549685565,0.0053168381593563085
981,64,uniform,2,0.8299010951970398,0.014404232519202356,0.006441768615329902
982,193,uniform,4,0.8259978269016086,0.015497918274389844,0.0069308797542543855
983,22,uniform,2,0.824332168604133,0.016440321926977478,0.007352335480140394
984,44,uniform,5,0.8272866832373336,0.016064818046178507,0.007184405039484099
985,2,distance,2,0.698596823424127,0.013385311115179334,0.0059860931107049015
986,143,uniform,2,0.8290540618006383,0.015693164931835816,0.0070181967139401474
987,83,uniform,5,0.8283472692466942,0.015521663763414139,0.006941499059777845
988,184,distance,2,0.8248667052762331,0.013199227089591013,0.005902873804556442
989,164,distance,4,0.8239649693525648,0.012092771809654854,0.00540805196055628
990,139,uniform,4,0.8280197534447244,0.01531085404367145,0.006847222087045379
991,123,uniform,3,0.8286375026860728,0.01512844445578327,0.0067656460393922405
992,178,uniform,2,0.8278236226342905,0.01588046580305575,0.007101960209998689
993,7,distance,4,0.7767478128161049,0.015179331300648457,0.006788403328248049
994,11,uniform,2,0.8105269321380092,0.013652019671487308,0.006105368803121993
995,175,uniform,1,0.8302812072521345,0.017735208265005107,0.007931426255133505
996,58,distance,4,0.822498309739569,0.012306560345871997,0.005503661100514622
997,155,uniform,1,0.8310349913390531,0.017522803117989278,0.007836435785633858
998,118,uniform,5,0.8281595946519635,0.014304373714784567,0.006397110400363896
999,111,uniform,2,0.8291650784988391,0.01524079578210672,0.006815891079996539
